{"type":"FeatureCollection","features":[{"type":"Feature","geometry":{"type":"Point","coordinates":[130.398612,33.590896]},"properties":{"id":"ChIJuRlWu6eRQTUR3utBl2kg2eM","name":"MIZUNO SPORTSTYLE FUKUOKA PARCO POP-UP","category":"clothing","days":[1,4],"area":"fukuoka","rating":4.8,"user_ratings_total":38,"gmaps_url":"https://www.google.com/maps/search/?api=1&query=MIZUNO%20SPORTSTYLE%20FUKUOKA%20PARCO%20POP-UP&query_place_id=ChIJuRlWu6eRQTUR3utBl2kg2eM","name_ja":"MIZUNO SPORTSTYLE FUKUOKA PARCO POP-UP"}},{"type":"Feature","geometry":{"type":"Point","coordinates":[130.398374,33.592974]},"properties":{"id":"ChIJNW-TYemRQTURnvlKFRpxA1M","name":"GU 天神店","category":"clothing","days":[1,4],"area":"fukuoka","rating":4.3,"user_ratings_total":163,"gmaps_url":"https://www.google.com/maps/search/?api=1&query=%E3%82%B8%E3%83%BC%E3%83%A6%E3%83%BC%20%E5%A4%A9%E7%A5%9E%E5%BA%97&query_place_id=ChIJNW-TYemRQTURnvlKFRpxA1M","name_ja":"ジーユー 天神店"}},{"type":"Feature","geometry":{"type":"Point","coordinates":[130.410939,33.590266]},"properties":{"id":"ChIJx50gXwCRQTURwIf9q-YTskM","name":"ASICS CANALCITY HAKATA","category":"clothing","days":[1,4],"area":"fukuoka","rating":4.3,"user_ratings_total":38,"gmaps_url":"https://www.google.com/maps/search/?api=1&query=ASICS%20CANALCITY%20HAKATA&query_place_id=ChIJx50gXwCRQTURwIf9q-YTskM","name_ja":"ASICS CANALCITY HAKATA"}},{"type":"Feature","geometry":{"type":"Point","coordinates":[130.398426,33.592812]},"properties":{"id":"ChIJOX2tVHSRQTURBcFMLLuLuRI","name":"UNIQLO 天神店","category":"clothing","days":[1,4],"area":"fukuoka","rating":4.1,"user_ratings_total":1384,"gmaps_url":"https://www.google.com/maps/search/?api=1&query=%E3%83%A6%E3%83%8B%E3%82%AF%E3%83%AD%20%E5%A4%A9%E7%A5%9E%E5%BA%97&query_place_id=ChIJOX2tVHSRQTURBcFMLLuLuRI","name_ja":"ユニクロ 天神店"}},{"type":"Feature","geometry":{"type":"Point","coordinates":[130.421391,33.588532]},"properties":{"id":"ChIJF4f--7eRQTURSZmQswdFJ2E","name":"GU 友都八喜博多店","category":"clothing","days":[1,4],"area":"fukuoka","rating":4,"user_ratings_total":899,"gmaps_url":"https://www.google.com/maps/search/?api=1&query=%E3%82%B8%E3%83%BC%E3%83%A6%E3%83%BC%20%E3%83%A8%E3%83%89%E3%83%90%E3%82%B7%E5%8D%9A%E5%A4%9A%E5%BA%97&query_place_id=ChIJF4f--7eRQTURSZmQswdFJ2E","name_ja":"ジーユー ヨドバシ博多店"}},{"type":"Feature","geometry":{"type":"Point","coordinates":[130.419397,33.588825]},"properties":{"id":"ChIJ4VWLZbiRQTUR_B4Kc0ET2cg","name":"UNIQLO KITTE博多店","category":"clothing","days":[1,4],"area":"fukuoka","rating":4,"user_ratings_total":666,"gmaps_url":"https://www.google.com/maps/search/?api=1&query=%E3%83%A6%E3%83%8B%E3%82%AF%E3%83%AD%20KITTE%E5%8D%9A%E5%A4%9A%E5%BA%97&query_place_id=ChIJ4VWLZbiRQTUR_B4Kc0ET2cg","name_ja":"ユニクロ KITTE博多店"}},{"type":"Feature","geometry":{"type":"Point","coordinates":[130.398611,33.590638]},"properties":{"id":"ChIJj-cArY-RQTURNCAPlrZA9wE","name":"ABC-MART 福岡 PARCO 店","category":"clothing","days":[1,4],"area":"fukuoka","rating":4,"user_ratings_total":69,"gmaps_url":"https://www.google.com/maps/search/?api=1&query=ABC-MART%20%E7%A6%8F%E5%B2%A1%E3%83%91%E3%83%AB%E3%82%B3%E5%BA%97&query_place_id=ChIJj-cArY-RQTURNCAPlrZA9wE","name_ja":"ABC-MART 福岡パルコ店"}},{"type":"Feature","geometry":{"type":"Point","coordinates":[130.421801,33.588093]},"properties":{"id":"ChIJF4f--7eRQTURdS2qYmAgw9c","name":"ABC-MART友都八喜博多店","category":"clothing","days":[1,4],"area":"fukuoka","rating":3.9,"user_ratings_total":77,"gmaps_url":"https://www.google.com/maps/search/?api=1&query=ABC-MART%E3%83%A8%E3%83%89%E3%83%90%E3%82%B7%E5%8D%9A%E5%A4%9A%E5%BA%97&query_place_id=ChIJF4f--7eRQTURdS2qYmAgw9c","name_ja":"ABC-MARTヨドバシ博多店"}},{"type":"Feature","geometry":{"type":"Point","coordinates":[130.421117,33.589362]},"properties":{"id":"ChIJR9jLT0SRQTUReImLMBVvpbs","name":"ABC-MART AMU EST 店","category":"clothing","days":[1,4],"area":"fukuoka","rating":3.9,"user_ratings_total":13,"gmaps_url":"https://www.google.com/maps/search/?api=1&query=ABC-MART%20%E3%82%A2%E3%83%9F%E3%83%A5%E3%82%A8%E3%82%B9%E3%83%88%E5%BA%97&query_place_id=ChIJR9jLT0SRQTUReImLMBVvpbs","name_ja":"ABC-MART アミュエスト店"}},{"type":"Feature","geometry":{"type":"Point","coordinates":[130.419261,33.590899]},"properties":{"id":"ChIJJZ8gdsiRQTUR_XAC1VabxaU","name":"UNIQLO 博多口地下街店","category":"clothing","days":[1,4],"area":"fukuoka","rating":3.8,"user_ratings_total":156,"gmaps_url":"https://www.google.com/maps/search/?api=1&query=%E3%83%A6%E3%83%8B%E3%82%AF%E3%83%AD%20%E5%8D%9A%E5%A4%9A%E5%8F%A3%E5%9C%B0%E4%B8%8B%E8%A1%97%E5%BA%97&query_place_id=ChIJJZ8gdsiRQTUR_XAC1VabxaU","name_ja":"ユニクロ 博多口地下街店"}},{"type":"Feature","geometry":{"type":"Point","coordinates":[130.396705,33.590208]},"properties":{"id":"ChIJgeMUQY-RQTURctUxYo8S9zM","name":"ASICS Walking 福岡","category":"clothing","days":[1,4],"area":"fukuoka","rating":3.8,"user_ratings_total":64,"gmaps_url":"https://www.google.com/maps/search/?api=1&query=%E3%82%A2%E3%82%B7%E3%83%83%E3%82%AF%E3%82%B9%E3%82%A6%E3%82%A9%E3%83%BC%E3%82%AD%E3%83%B3%E3%82%B0%20%E7%A6%8F%E5%B2%A1&query_place_id=ChIJgeMUQY-RQTURctUxYo8S9zM","name_ja":"アシックスウォーキング 福岡"}},{"type":"Feature","geometry":{"type":"Point","coordinates":[130.395819,33.588328]},"properties":{"id":"ChIJ3SP744WRQTUR-wKM8nmJrcE","name":"ABC-MART GRAND STAGE 福岡西通店","category":"clothing","days":[1,4],"area":"fukuoka","rating":3.8,"user_ratings_total":103,"gmaps_url":"https://www.google.com/maps/search/?api=1&query=ABC-MART%20GRAND%20STAGE%20%E7%A6%8F%E5%B2%A1%E8%A5%BF%E9%80%9A%E3%82%8A%E5%BA%97&query_place_id=ChIJ3SP744WRQTUR-wKM8nmJrcE","name_ja":"ABC-MART GRAND STAGE 福岡西通り店"}},{"type":"Feature","geometry":{"type":"Point","coordinates":[130.39855,33.590874]},"properties":{"id":"ChIJIfuMihSRQTURHN6pliY3hUM","name":"ABC-MART GRAND STAGE 福岡 PARCO 店","category":"clothing","days":[1,4],"area":"fukuoka","rating":3.8,"user_ratings_total":16,"gmaps_url":"https://www.google.com/maps/search/?api=1&query=ABC-MART%20GRAND%20STAGE%20%E7%A6%8F%E5%B2%A1%E3%83%91%E3%83%AB%E3%82%B3%E5%BA%97&query_place_id=ChIJIfuMihSRQTURHN6pliY3hUM","name_ja":"ABC-MART GRAND STAGE 福岡パルコ店"}},{"type":"Feature","geometry":{"type":"Point","coordinates":[130.421023,33.589138]},"properties":{"id":"ChIJ-51wdciRQTURKeaOMybv7X0","name":"UNIQLO AMU EST 博多店","category":"clothing","days":[1,4],"area":"fukuoka","rating":3.7,"user_ratings_total":136,"gmaps_url":"https://www.google.com/maps/search/?api=1&query=%E3%83%A6%E3%83%8B%E3%82%AF%E3%83%AD%20%E3%82%A2%E3%83%9F%E3%83%A5%E3%82%A8%E3%82%B9%E3%83%88%E5%8D%9A%E5%A4%9A%E5%BA%97&query_place_id=ChIJ-51wdciRQTURKeaOMybv7X0","name_ja":"ユニクロ アミュエスト博多店"}},{"type":"Feature","geometry":{"type":"Point","coordinates":[130.41995,33.591619]},"properties":{"id":"ChIJtfu6t8eRQTURzFOCNM9U8p4","name":"思夢樂 博多巴士總站店","category":"clothing","days":[1,4],"area":"fukuoka","rating":3.6,"user_ratings_total":322,"gmaps_url":"https://www.google.com/maps/search/?api=1&query=%E3%83%95%E3%82%A1%E3%83%83%E3%82%B7%E3%83%A7%E3%83%B3%E3%82%BB%E3%83%B3%E3%82%BF%E3%83%BC%E3%81%97%E3%81%BE%E3%82%80%E3%82%89%20%E5%8D%9A%E5%A4%9A%E3%83%90%E3%82%B9%E3%82%BF%E3%83%BC%E3%83%9F%E3%83%8A%E3%83%AB%E5%BA%97&query_place_id=ChIJtfu6t8eRQTURzFOCNM9U8p4","name_ja":"ファッションセンターしまむら 博多バスターミナル店"}},{"type":"Feature","geometry":{"type":"Point","coordinates":[130.420136,33.590632]},"properties":{"id":"ChIJ82MuwseRQTURdjlS-6YmOnM","name":"ABC-MART GRAND STAGE AMU PLAZA 博多店","category":"clothing","days":[1,4],"area":"fukuoka","rating":3.3,"user_ratings_total":106,"gmaps_url":"https://www.google.com/maps/search/?api=1&query=ABC-MART%20GRAND%20STAGE%20%E3%82%A2%E3%83%9F%E3%83%A5%E3%83%97%E3%83%A9%E3%82%B6%E5%8D%9A%E5%A4%9A%E5%BA%97&query_place_id=ChIJ82MuwseRQTURdjlS-6YmOnM","name_ja":"ABC-MART GRAND STAGE アミュプラザ博多店"}},{"type":"Feature","geometry":{"type":"Point","coordinates":[130.411099,33.589319]},"properties":{"id":"ChIJvVfZgJWRQTURguKjl8vGIJk","name":"ABC-MART GRAND STAGE 運河城 OPA 店","category":"clothing","days":[1,4],"area":"fukuoka","rating":3.2,"user_ratings_total":113,"gmaps_url":"https://www.google.com/maps/search/?api=1&query=ABC-MART%20GRAND%20STAGE%20%E3%82%AD%E3%83%A3%E3%83%8A%E3%83%AB%E3%82%B7%E3%83%86%E3%82%A3%E3%82%AA%E3%83%BC%E3%83%91%E5%BA%97&query_place_id=ChIJvVfZgJWRQTURguKjl8vGIJk","name_ja":"ABC-MART GRAND STAGE キャナルシティオーパ店"}},{"type":"Feature","geometry":{"type":"Point","coordinates":[130.398901,33.588812]},"properties":{"id":"ChIJYcvRNwuRQTUR_FSkKDL6L1A","name":"ABC-MART Solaria Plaza 店","category":"clothing","days":[1,4],"area":"fukuoka","rating":3,"user_ratings_total":8,"gmaps_url":"https://www.google.com/maps/search/?api=1&query=ABC-MART%20%E3%82%BD%E3%83%A9%E3%83%AA%E3%82%A2%E3%83%97%E3%83%A9%E3%82%B6%E5%BA%97&query_place_id=ChIJYcvRNwuRQTUR_FSkKDL6L1A","name_ja":"ABC-MART ソラリアプラザ店"}},{"type":"Feature","geometry":{"type":"Point","coordinates":[130.419783,33.591542]},"properties":{"id":"ChIJmUk7J2KRQTURk-ab-YuXzK8","name":"CocoKara Fine 藥局 博多巴士總站店","category":"drugstore","days":[1,4],"area":"fukuoka","rating":5,"user_ratings_total":6,"gmaps_url":"https://www.google.com/maps/search/?api=1&query=%E3%82%B3%E3%82%B3%E3%82%AB%E3%83%A9%E3%83%95%E3%82%A1%E3%82%A4%E3%83%B3%E8%96%AC%E5%B1%80%20%E5%8D%9A%E5%A4%9A%E3%83%90%E3%82%B9%E3%82%BF%E3%83%BC%E3%83%9F%E3%83%8A%E3%83%AB%E5%BA%97&query_place_id=ChIJmUk7J2KRQTURk-ab-YuXzK8","name_ja":"ココカラファイン薬局 博多バスターミナル店"}},{"type":"Feature","geometry":{"type":"Point","coordinates":[130.422758,33.590159]},"properties":{"id":"ChIJV6xEF_6RQTURZ4QpyBOVq1g","name":"大國藥妝 博多站筑紫口店","category":"drugstore","days":[1,4],"area":"fukuoka","rating":4.8,"user_ratings_total":969,"gmaps_url":"https://www.google.com/maps/search/?api=1&query=%E3%83%80%E3%82%A4%E3%82%B3%E3%82%AF%E3%83%89%E3%83%A9%E3%83%83%E3%82%B0%E5%8D%9A%E5%A4%9A%E9%A7%85%E7%AD%91%E7%B4%AB%E5%8F%A3%E5%BA%97&query_place_id=ChIJV6xEF_6RQTURZ4QpyBOVq1g","name_ja":"ダイコクドラッグ博多駅筑紫口店"}},{"type":"Feature","geometry":{"type":"Point","coordinates":[130.397484,33.586245]},"properties":{"id":"ChIJc-QBHQORQTURX8WBeSQOo1E","name":"大國藥妝 天神西通店","category":"drugstore","days":[1,4],"area":"fukuoka","rating":4.8,"user_ratings_total":623,"gmaps_url":"https://www.google.com/maps/search/?api=1&query=%E3%83%80%E3%82%A4%E3%82%B3%E3%82%AF%E3%83%89%E3%83%A9%E3%83%83%E3%82%B0%20%E5%A4%A9%E7%A5%9E%E8%A5%BF%E9%80%9A%E3%82%8A%E5%BA%97&query_place_id=ChIJc-QBHQORQTURX8WBeSQOo1E","name_ja":"ダイコクドラッグ 天神西通り店"}},{"type":"Feature","geometry":{"type":"Point","coordinates":[130.400484,33.587351]},"properties":{"id":"ChIJ9cYyI8yRQTUR-ghb_f3u9PI","name":"大國藥妝 天神南店","category":"drugstore","days":[1,4],"area":"fukuoka","rating":4.7,"user_ratings_total":1226,"gmaps_url":"https://www.google.com/maps/search/?api=1&query=%E3%83%80%E3%82%A4%E3%82%B3%E3%82%AF%E3%83%89%E3%83%A9%E3%83%83%E3%82%B0%20%E5%A4%A9%E7%A5%9E%E5%8D%97%E5%BA%97&query_place_id=ChIJ9cYyI8yRQTUR-ghb_f3u9PI","name_ja":"ダイコクドラッグ 天神南店"}},{"type":"Feature","geometry":{"type":"Point","coordinates":[130.422402,33.592166]},"properties":{"id":"ChIJsR_cjAyRQTURS3leUcgj5_Y","name":"杉藥局 博多站東店","category":"drugstore","days":[1,4],"area":"fukuoka","rating":4.6,"user_ratings_total":136,"gmaps_url":"https://www.google.com/maps/search/?api=1&query=%E3%82%B9%E3%82%AE%E8%96%AC%E5%B1%80%20%E5%8D%9A%E5%A4%9A%E9%A7%85%E6%9D%B1%E5%BA%97&query_place_id=ChIJsR_cjAyRQTURS3leUcgj5_Y","name_ja":"スギ薬局 博多駅東店"}},{"type":"Feature","geometry":{"type":"Point","coordinates":[130.398374,33.591656]},"properties":{"id":"ChIJo1RQXo6RQTUR62Uzk93nZ48","name":"大國藥妝 天神大樓店","category":"drugstore","days":[1,4],"area":"fukuoka","rating":4.4,"user_ratings_total":615,"gmaps_url":"https://www.google.com/maps/search/?api=1&query=%E3%83%80%E3%82%A4%E3%82%B3%E3%82%AF%E3%83%89%E3%83%A9%E3%83%83%E3%82%B0%20%E5%A4%A9%E7%A5%9E%E3%83%93%E3%83%AB%E5%BA%97&query_place_id=ChIJo1RQXo6RQTUR62Uzk93nZ48","name_ja":"ダイコクドラッグ 天神ビル店"}},{"type":"Feature","geometry":{"type":"Point","coordinates":[130.410771,33.590605]},"properties":{"id":"ChIJZ6We9dmRQTURW1Wrpb5ky-8","name":"松本清藥妝 博多運河城北館店","category":"drugstore","days":[1,4],"area":"fukuoka","rating":4.3,"user_ratings_total":15,"gmaps_url":"https://www.google.com/maps/search/?api=1&query=%E3%83%89%E3%83%A9%E3%83%83%E3%82%B0%E3%82%B9%E3%83%88%E3%82%A2%20%E3%83%9E%E3%83%84%E3%83%A2%E3%83%88%E3%82%AD%E3%83%A8%E3%82%B7%20%E3%82%AD%E3%83%A3%E3%83%8A%E3%83%AB%E3%82%B7%E3%83%86%E3%82%A3%E5%8D%9A%E5%A4%9A%E3%83%8E%E3%83%BC%E3%82%B9%E3%83%93%E3%83%AB%E5%BA%97&query_place_id=ChIJZ6We9dmRQTURW1Wrpb5ky-8","name_ja":"ドラッグストア マツモトキヨシ キャナルシティ博多ノースビル店"}},{"type":"Feature","geometry":{"type":"Point","coordinates":[130.402363,33.588183]},"properties":{"id":"ChIJwzDqjIaRQTURxaVNinbA5Ps","name":"Cosmos 藥妝 天神大丸前店","category":"drugstore","days":[1,4],"area":"fukuoka","rating":4.3,"user_ratings_total":116,"gmaps_url":"https://www.google.com/maps/search/?api=1&query=%E3%83%89%E3%83%A9%E3%83%83%E3%82%B0%E3%82%B9%E3%83%88%E3%82%A2%E3%82%B3%E3%82%B9%E3%83%A2%E3%82%B9%20%E5%A4%A9%E7%A5%9E%E5%A4%A7%E4%B8%B8%E5%89%8D%E5%BA%97&query_place_id=ChIJwzDqjIaRQTURxaVNinbA5Ps","name_ja":"ドラッグストアコスモス 天神大丸前店"}},{"type":"Feature","geometry":{"type":"Point","coordinates":[130.403548,33.584748]},"properties":{"id":"ChIJlzXeW-mRQTUR0f4zqHGsFvk","name":"Drug Eleven 藥妝 渡邊通店","category":"drugstore","days":[1,4],"area":"fukuoka","rating":4.3,"user_ratings_total":24,"gmaps_url":"https://www.google.com/maps/search/?api=1&query=%E3%83%89%E3%83%A9%E3%83%83%E3%82%B0%E3%82%A4%E3%83%AC%E3%83%96%E3%83%B3%20%E6%B8%A1%E8%BE%BA%E9%80%9A%E5%BA%97&query_place_id=ChIJlzXeW-mRQTUR0f4zqHGsFvk","name_ja":"ドラッグイレブン 渡辺通店"}},{"type":"Feature","geometry":{"type":"Point","coordinates":[130.40176,33.587817]},"properties":{"id":"ChIJ4dX_i1iRQTURspZwrqEE5rw","name":"鶴羽藥妝 天神南店","category":"drugstore","days":[1,4],"area":"fukuoka","rating":4,"user_ratings_total":37,"gmaps_url":"https://www.google.com/maps/search/?api=1&query=%E3%83%84%E3%83%AB%E3%83%8F%E3%83%89%E3%83%A9%E3%83%83%E3%82%B0%20%E5%A4%A9%E7%A5%9E%E5%8D%97%E5%BA%97&query_place_id=ChIJ4dX_i1iRQTURspZwrqEE5rw","name_ja":"ツルハドラッグ 天神南店"}},{"type":"Feature","geometry":{"type":"Point","coordinates":[130.402499,33.587058]},"properties":{"id":"ChIJOf-kmZCRQTURwOV8G2n5oWI","name":"鶴羽藥妝 渡邊通店","category":"drugstore","days":[1,4],"area":"fukuoka","rating":4,"user_ratings_total":60,"gmaps_url":"https://www.google.com/maps/search/?api=1&query=%E3%83%84%E3%83%AB%E3%83%8F%E3%83%89%E3%83%A9%E3%83%83%E3%82%B0%20%E6%B8%A1%E8%BE%BA%E9%80%9A%E5%BA%97&query_place_id=ChIJOf-kmZCRQTURwOV8G2n5oWI","name_ja":"ツルハドラッグ 渡辺通店"}},{"type":"Feature","geometry":{"type":"Point","coordinates":[130.41267,33.589333]},"properties":{"id":"ChIJP4unoLCRQTURUyw5btMjGb4","name":"松本清藥妝 博多住吉店","category":"drugstore","days":[1,4],"area":"fukuoka","rating":3.9,"user_ratings_total":44,"gmaps_url":"https://www.google.com/maps/search/?api=1&query=%E3%83%89%E3%83%A9%E3%83%83%E3%82%B0%E3%82%B9%E3%83%88%E3%82%A2%20%E3%83%9E%E3%83%84%E3%83%A2%E3%83%88%E3%82%AD%E3%83%A8%E3%82%B7%20%E5%8D%9A%E5%A4%9A%E4%BD%8F%E5%90%89%E5%BA%97&query_place_id=ChIJP4unoLCRQTURUyw5btMjGb4","name_ja":"ドラッグストア マツモトキヨシ 博多住吉店"}},{"type":"Feature","geometry":{"type":"Point","coordinates":[130.418754,33.587111]},"properties":{"id":"ChIJXw4-TXmRQTURCCtxy3HONKw","name":"Drug Eleven 藥妝 博多站前店","category":"drugstore","days":[1,4],"area":"fukuoka","rating":3.9,"user_ratings_total":107,"gmaps_url":"https://www.google.com/maps/search/?api=1&query=%E3%83%89%E3%83%A9%E3%83%83%E3%82%B0%E3%82%A4%E3%83%AC%E3%83%96%E3%83%B3%20%E5%8D%9A%E5%A4%9A%E9%A7%85%E5%89%8D%E5%BA%97&query_place_id=ChIJXw4-TXmRQTURCCtxy3HONKw","name_ja":"ドラッグイレブン 博多駅前店"}},{"type":"Feature","geometry":{"type":"Point","coordinates":[130.401473,33.58151]},"properties":{"id":"ChIJzxVlGcyRQTURIrc9HOC8ElA","name":"鶴羽藥妝 藥院站前店","category":"drugstore","days":[1,4],"area":"fukuoka","rating":3.8,"user_ratings_total":33,"gmaps_url":"https://www.google.com/maps/search/?api=1&query=%E3%83%84%E3%83%AB%E3%83%8F%E3%83%89%E3%83%A9%E3%83%83%E3%82%B0%20%E8%96%AC%E9%99%A2%E9%A7%85%E5%89%8D%E5%BA%97&query_place_id=ChIJzxVlGcyRQTURIrc9HOC8ElA","name_ja":"ツルハドラッグ 薬院駅前店"}},{"type":"Feature","geometry":{"type":"Point","coordinates":[130.424324,33.58975]},"properties":{"id":"ChIJLzkHpcmRQTUR1Q2rj_JajV4","name":"Drug Eleven 藥妝 博多站筑紫口店","category":"drugstore","days":[1,4],"area":"fukuoka","rating":3.8,"user_ratings_total":184,"gmaps_url":"https://www.google.com/maps/search/?api=1&query=%E3%83%89%E3%83%A9%E3%83%83%E3%82%B0%E3%82%A4%E3%83%AC%E3%83%96%E3%83%B3%20%E5%8D%9A%E5%A4%9A%E9%A7%85%E7%AD%91%E7%B4%AB%E5%8F%A3%E5%BA%97&query_place_id=ChIJLzkHpcmRQTUR1Q2rj_JajV4","name_ja":"ドラッグイレブン 博多駅筑紫口店"}},{"type":"Feature","geometry":{"type":"Point","coordinates":[130.399228,33.587204]},"properties":{"id":"ChIJAQC0a4WRQTURE7CAFOtGNIg","name":"Drug Eleven 藥妝 天神警固店","category":"drugstore","days":[1,4],"area":"fukuoka","rating":3.8,"user_ratings_total":116,"gmaps_url":"https://www.google.com/maps/search/?api=1&query=%E3%83%89%E3%83%A9%E3%83%83%E3%82%B0%E3%82%A4%E3%83%AC%E3%83%96%E3%83%B3%20%E5%A4%A9%E7%A5%9E%E8%AD%A6%E5%9B%BA%E5%BA%97&query_place_id=ChIJAQC0a4WRQTURE7CAFOtGNIg","name_ja":"ドラッグイレブン 天神警固店"}},{"type":"Feature","geometry":{"type":"Point","coordinates":[130.396104,33.590314]},"properties":{"id":"ChIJGxY9AsaRQTURwxQ-q_nIYSs","name":"SunDrug 藥妝 天神西通店","category":"drugstore","days":[1,4],"area":"fukuoka","rating":3.7,"user_ratings_total":36,"gmaps_url":"https://www.google.com/maps/search/?api=1&query=%E3%82%B5%E3%83%B3%E3%83%89%E3%83%A9%E3%83%83%E3%82%B0%20%E5%A4%A9%E7%A5%9E%E8%A5%BF%E9%80%9A%E3%82%8A%E5%BA%97&query_place_id=ChIJGxY9AsaRQTURwxQ-q_nIYSs","name_ja":"サンドラッグ 天神西通り店"}},{"type":"Feature","geometry":{"type":"Point","coordinates":[130.398804,33.586643]},"properties":{"id":"ChIJdaEGWfGRQTURQ_1Sz3NqK7o","name":"松本清藥妝 天神今泉店","category":"drugstore","days":[1,4],"area":"fukuoka","rating":3.6,"user_ratings_total":46,"gmaps_url":"https://www.google.com/maps/search/?api=1&query=%E3%83%89%E3%83%A9%E3%83%83%E3%82%B0%E3%82%B9%E3%83%88%E3%82%A2%20%E3%83%9E%E3%83%84%E3%83%A2%E3%83%88%E3%82%AD%E3%83%A8%E3%82%B7%20%E5%A4%A9%E7%A5%9E%E4%BB%8A%E6%B3%89%E5%BA%97&query_place_id=ChIJdaEGWfGRQTURQ_1Sz3NqK7o","name_ja":"ドラッグストア マツモトキヨシ 天神今泉店"}},{"type":"Feature","geometry":{"type":"Point","coordinates":[130.421677,33.589092]},"properties":{"id":"ChIJ9zdKYguRQTURH_JcR7EV3tE","name":"松本清藥妝 博多站筑紫口店","category":"drugstore","days":[1,4],"area":"fukuoka","rating":3.4,"user_ratings_total":100,"gmaps_url":"https://www.google.com/maps/search/?api=1&query=%E3%83%89%E3%83%A9%E3%83%83%E3%82%B0%E3%82%B9%E3%83%88%E3%82%A2%20%E3%83%9E%E3%83%84%E3%83%A2%E3%83%88%E3%82%AD%E3%83%A8%E3%82%B7%20%E5%8D%9A%E5%A4%9A%E9%A7%85%E7%AD%91%E7%B4%AB%E5%8F%A3%E5%BA%97&query_place_id=ChIJ9zdKYguRQTURH_JcR7EV3tE","name_ja":"ドラッグストア マツモトキヨシ 博多駅筑紫口店"}},{"type":"Feature","geometry":{"type":"Point","coordinates":[130.398426,33.592812]},"properties":{"id":"ChIJ9ff1jGKRQTURMNqVPnbakZM","name":"松本清藥妝 mina 天神店","category":"drugstore","days":[1,4],"area":"fukuoka","rating":3.4,"user_ratings_total":25,"gmaps_url":"https://www.google.com/maps/search/?api=1&query=%E3%83%89%E3%83%A9%E3%83%83%E3%82%B0%E3%82%B9%E3%83%88%E3%82%A2%20%E3%83%9E%E3%83%84%E3%83%A2%E3%83%88%E3%82%AD%E3%83%A8%E3%82%B7%20%E3%83%9F%E3%83%BC%E3%83%8A%E5%A4%A9%E7%A5%9E%E5%BA%97&query_place_id=ChIJ9ff1jGKRQTURMNqVPnbakZM","name_ja":"ドラッグストア マツモトキヨシ ミーナ天神店"}},{"type":"Feature","geometry":{"type":"Point","coordinates":[130.416052,33.593505]},"properties":{"id":"ChIJY--YlZiRQTURLsii2yNFjck","name":"CocoKara Fine 博多站前1丁目店","category":"drugstore","days":[1,4],"area":"fukuoka","rating":3.4,"user_ratings_total":9,"gmaps_url":"https://www.google.com/maps/search/?api=1&query=%E3%82%B3%E3%82%B3%E3%82%AB%E3%83%A9%E3%83%95%E3%82%A1%E3%82%A4%E3%83%B3%20%E5%8D%9A%E5%A4%9A%E9%A7%85%E5%89%8D1%E4%B8%81%E7%9B%AE%E5%BA%97&query_place_id=ChIJY--YlZiRQTURLsii2yNFjck","name_ja":"ココカラファイン 博多駅前1丁目店"}},{"type":"Feature","geometry":{"type":"Point","coordinates":[130.406068,33.586216]},"properties":{"id":"ChIJxYjiUXyRQTURuSV_Y3lcGwo","name":"CocoKara Fine 藥妝 春吉店","category":"drugstore","days":[1,4],"area":"fukuoka","rating":3.4,"user_ratings_total":43,"gmaps_url":"https://www.google.com/maps/search/?api=1&query=%E3%82%B3%E3%82%B3%E3%82%AB%E3%83%A9%E3%83%95%E3%82%A1%E3%82%A4%E3%83%B3%20%E6%98%A5%E5%90%89%E5%BA%97&query_place_id=ChIJxYjiUXyRQTURuSV_Y3lcGwo","name_ja":"ココカラファイン 春吉店"}},{"type":"Feature","geometry":{"type":"Point","coordinates":[130.402865,33.581953]},"properties":{"id":"ChIJ_RWZkU2RQTURBIIz_G18ZY4","name":"松本清藥妝 藥院店","category":"drugstore","days":[1,4],"area":"fukuoka","rating":3.3,"user_ratings_total":14,"gmaps_url":"https://www.google.com/maps/search/?api=1&query=%E3%83%89%E3%83%A9%E3%83%83%E3%82%B0%E3%82%B9%E3%83%88%E3%82%A2%20%E3%83%9E%E3%83%84%E3%83%A2%E3%83%88%E3%82%AD%E3%83%A8%E3%82%B7%20%E8%96%AC%E9%99%A2%E5%BA%97&query_place_id=ChIJ_RWZkU2RQTURBIIz_G18ZY4","name_ja":"ドラッグストア マツモトキヨシ 薬院店"}},{"type":"Feature","geometry":{"type":"Point","coordinates":[130.419786,33.59152]},"properties":{"id":"ChIJHa2SZF2RQTURqA8hZFrb2-0","name":"CocoKara Fine 藥妝 博多巴士總站店","category":"drugstore","days":[1,4],"area":"fukuoka","rating":3.3,"user_ratings_total":44,"gmaps_url":"https://www.google.com/maps/search/?api=1&query=%E3%82%B3%E3%82%B3%E3%82%AB%E3%83%A9%E3%83%95%E3%82%A1%E3%82%A4%E3%83%B3%20%E5%8D%9A%E5%A4%9A%E3%83%90%E3%82%B9%E3%82%BF%E3%83%BC%E3%83%9F%E3%83%8A%E3%83%AB%E5%BA%97&query_place_id=ChIJHa2SZF2RQTURqA8hZFrb2-0","name_ja":"ココカラファイン 博多バスターミナル店"}},{"type":"Feature","geometry":{"type":"Point","coordinates":[130.397942,33.590942]},"properties":{"id":"ChIJQwaY_46RQTURsrvuxmGPKnE","name":"CocoKara Fine 藥妝 福岡 PARCO 店","category":"drugstore","days":[1,4],"area":"fukuoka","rating":3.2,"user_ratings_total":29,"gmaps_url":"https://www.google.com/maps/search/?api=1&query=%E3%82%B3%E3%82%B3%E3%82%AB%E3%83%A9%E3%83%95%E3%82%A1%E3%82%A4%E3%83%B3%20%E7%A6%8F%E5%B2%A1%E3%83%91%E3%83%AB%E3%82%B3%E5%BA%97&query_place_id=ChIJQwaY_46RQTURsrvuxmGPKnE","name_ja":"ココカラファイン 福岡パルコ店"}},{"type":"Feature","geometry":{"type":"Point","coordinates":[130.406019,33.593636]},"properties":{"id":"ChIJqX1rYJORQTURwUDzz6Zb29c","name":"CocoKara Fine 藥妝 gate's 店","category":"drugstore","days":[1,4],"area":"fukuoka","rating":3.2,"user_ratings_total":28,"gmaps_url":"https://www.google.com/maps/search/?api=1&query=%E3%82%B3%E3%82%B3%E3%82%AB%E3%83%A9%E3%83%95%E3%82%A1%E3%82%A4%E3%83%B3%20%E3%82%B2%E3%82%A4%E3%83%84%E5%BA%97&query_place_id=ChIJqX1rYJORQTURwUDzz6Zb29c","name_ja":"ココカラファイン ゲイツ店"}},{"type":"Feature","geometry":{"type":"Point","coordinates":[130.409155,33.593037]},"properties":{"id":"ChIJiTnfCKiRQTURt8GEB8Nwu-I","name":"松本清藥妝 上川端店","category":"drugstore","days":[1,4],"area":"fukuoka","rating":3.1,"user_ratings_total":28,"gmaps_url":"https://www.google.com/maps/search/?api=1&query=%E3%83%89%E3%83%A9%E3%83%83%E3%82%B0%E3%82%B9%E3%83%88%E3%82%A2%20%E3%83%9E%E3%83%84%E3%83%A2%E3%83%88%E3%82%AD%E3%83%A8%E3%82%B7%20%E4%B8%8A%E5%B7%9D%E7%AB%AF%E5%BA%97&query_place_id=ChIJiTnfCKiRQTURt8GEB8Nwu-I","name_ja":"ドラッグストア マツモトキヨシ 上川端店"}},{"type":"Feature","geometry":{"type":"Point","coordinates":[130.404944,33.593728]},"properties":{"id":"ChIJ2fTZQPmRQTUR4OFOpGP9w6w","name":"松本清藥妝 中洲5丁目店","category":"drugstore","days":[1,4],"area":"fukuoka","rating":2.9,"user_ratings_total":23,"gmaps_url":"https://www.google.com/maps/search/?api=1&query=%E3%83%89%E3%83%A9%E3%83%83%E3%82%B0%E3%82%B9%E3%83%88%E3%82%A2%20%E3%83%9E%E3%83%84%E3%83%A2%E3%83%88%E3%82%AD%E3%83%A8%E3%82%B7%20%E4%B8%AD%E6%B4%B25%E4%B8%81%E7%9B%AE%E5%BA%97&query_place_id=ChIJ2fTZQPmRQTUR4OFOpGP9w6w","name_ja":"ドラッグストア マツモトキヨシ 中洲5丁目店"}},{"type":"Feature","geometry":{"type":"Point","coordinates":[130.420348,33.590437]},"properties":{"id":"ChIJBVmI6seRQTURpRwnEb8sggQ","name":"Drug Eleven 藥妝 JR博多車站店","category":"drugstore","days":[1,4],"area":"fukuoka","rating":2.9,"user_ratings_total":44,"gmaps_url":"https://www.google.com/maps/search/?api=1&query=%E3%83%89%E3%83%A9%E3%83%83%E3%82%B0%E3%82%A4%E3%83%AC%E3%83%96%E3%83%B3JR%E5%8D%9A%E5%A4%9A%E9%A7%85%E5%BA%97&query_place_id=ChIJBVmI6seRQTURpRwnEb8sggQ","name_ja":"ドラッグイレブンJR博多駅店"}},{"type":"Feature","geometry":{"type":"Point","coordinates":[130.419902,33.590276]},"properties":{"id":"ChIJ4QZBIPeRQTURbwnqGlxCtNU","name":"Drug Eleven 藥妝 AMU PLAZA 博多店","category":"drugstore","days":[1,4],"area":"fukuoka","rating":2.5,"user_ratings_total":21,"gmaps_url":"https://www.google.com/maps/search/?api=1&query=%E3%83%89%E3%83%A9%E3%83%83%E3%82%B0%E3%82%A4%E3%83%AC%E3%83%96%E3%83%B3%20%E3%82%A2%E3%83%9F%E3%83%A5%E3%83%97%E3%83%A9%E3%82%B6%E5%8D%9A%E5%A4%9A%E5%BA%97&query_place_id=ChIJ4QZBIPeRQTURbwnqGlxCtNU","name_ja":"ドラッグイレブン アミュプラザ博多店"}},{"type":"Feature","geometry":{"type":"Point","coordinates":[130.406081,33.586226]},"properties":{"id":"ChIJOejpyFuRQTUR29ffdM_STHk","name":"CocoKara Fine 藥局 春吉店","category":"drugstore","days":[1,4],"area":"fukuoka","rating":2.1,"user_ratings_total":7,"gmaps_url":"https://www.google.com/maps/search/?api=1&query=%E3%82%B3%E3%82%B3%E3%82%AB%E3%83%A9%E3%83%95%E3%82%A1%E3%82%A4%E3%83%B3%E8%96%AC%E5%B1%80%20%E6%98%A5%E5%90%89%E5%BA%97&query_place_id=ChIJOejpyFuRQTUR29ffdM_STHk","name_ja":"ココカラファイン薬局 春吉店"}},{"type":"Feature","geometry":{"type":"Point","coordinates":[130.421694,33.588305]},"properties":{"id":"ChIJ48-N8beRQTURyQDOkx2DU2s","name":"友都八喜 Multimedia 博多","category":"electronics","days":[1,4],"area":"fukuoka","rating":4,"user_ratings_total":6510,"gmaps_url":"https://www.google.com/maps/search/?api=1&query=%E3%83%A8%E3%83%89%E3%83%90%E3%82%B7%E3%82%AB%E3%83%A1%E3%83%A9%20%E3%83%9E%E3%83%AB%E3%83%81%E3%83%A1%E3%83%87%E3%82%A3%E3%82%A2%E5%8D%9A%E5%A4%9A&query_place_id=ChIJ48-N8beRQTURyQDOkx2DU2s","name_ja":"ヨドバシカメラ マルチメディア博多"}},{"type":"Feature","geometry":{"type":"Point","coordinates":[130.400711,33.587522]},"properties":{"id":"ChIJk0nzrJqRQTURDQH3sM66ViA","name":"BIC CAMERA 天神1號館","category":"electronics","days":[1,4],"area":"fukuoka","rating":3.8,"user_ratings_total":3165,"gmaps_url":"https://www.google.com/maps/search/?api=1&query=%E3%83%93%E3%83%83%E3%82%AF%E3%82%AB%E3%83%A1%E3%83%A9%20%E5%A4%A9%E7%A5%9E1%E5%8F%B7%E9%A4%A8&query_place_id=ChIJk0nzrJqRQTURDQH3sM66ViA","name_ja":"ビックカメラ 天神1号館"}},{"type":"Feature","geometry":{"type":"Point","coordinates":[130.398624,33.587547]},"properties":{"id":"ChIJUf5hcYWRQTUR_MUxO9bD0FE","name":"BIC CAMERA 天神2號館","category":"electronics","days":[1,4],"area":"fukuoka","rating":3.8,"user_ratings_total":3007,"gmaps_url":"https://www.google.com/maps/search/?api=1&query=%E3%83%93%E3%83%83%E3%82%AF%E3%82%AB%E3%83%A1%E3%83%A9%20%E5%A4%A9%E7%A5%9E2%E5%8F%B7%E9%A4%A8&query_place_id=ChIJUf5hcYWRQTUR_MUxO9bD0FE","name_ja":"ビックカメラ 天神2号館"}},{"type":"Feature","geometry":{"type":"Point","coordinates":[130.416595,33.587233]},"properties":{"id":"ChIJ4xlpEbCRQTURRqkJSRIK8ZU","name":"烤雞酒場 雞之家 博多站前店","category":"izakaya","days":[1,4],"area":"fukuoka","rating":4.8,"user_ratings_total":395,"gmaps_url":"https://www.google.com/maps/search/?api=1&query=%E3%81%A8%E3%82%8A%E3%82%84%E3%81%8D%E9%85%92%E5%A0%B4%20%E9%B6%8F%E3%82%93%E5%AE%B6%20%E5%8D%9A%E5%A4%9A%E9%A7%85%E5%89%8D%E5%BA%97&query_place_id=ChIJ4xlpEbCRQTURRqkJSRIK8ZU","name_ja":"とりやき酒場 鶏ん家 博多駅前店"}},{"type":"Feature","geometry":{"type":"Point","coordinates":[130.423769,33.592155]},"properties":{"id":"ChIJz2b_KMmRQTURpg554ukvHvM","name":"居酒屋 寶珠","category":"izakaya","days":[1,4],"area":"fukuoka","rating":4.8,"user_ratings_total":240,"gmaps_url":"https://www.google.com/maps/search/?api=1&query=%E5%B1%85%E9%85%92%E5%B1%8B%20%E5%AF%B6%E7%8F%A0&query_place_id=ChIJz2b_KMmRQTURpg554ukvHvM","name_ja":"居酒屋 寶珠"}},{"type":"Feature","geometry":{"type":"Point","coordinates":[130.405871,33.589108]},"properties":{"id":"ChIJn86bBe6RQTUR85Tb429U8aU","name":"居酒屋餐廳 森川","category":"izakaya","days":[1,4],"area":"fukuoka","rating":4.8,"user_ratings_total":156,"gmaps_url":"https://www.google.com/maps/search/?api=1&query=%E5%B1%85%E9%85%92%E5%B1%8B%E3%83%80%E3%82%A4%E3%83%8B%E3%83%B3%E3%82%B0%E3%82%82%E3%82%8A%E5%B7%9D&query_place_id=ChIJn86bBe6RQTUR85Tb429U8aU","name_ja":"居酒屋ダイニングもり川"}},{"type":"Feature","geometry":{"type":"Point","coordinates":[130.399993,33.586724]},"properties":{"id":"ChIJVYKRRnqRQTURrjeQS-Y3alo","name":"鐵板燒酒場 IKURA 天神今泉店","category":"izakaya","days":[1,4],"area":"fukuoka","rating":4.7,"user_ratings_total":1453,"gmaps_url":"https://www.google.com/maps/search/?api=1&query=%E9%89%84%E6%9D%BF%E7%84%BC%E9%85%92%E5%A0%B4%20%E3%81%84%E3%81%8F%E3%82%89%20%E5%A4%A9%E7%A5%9E%E4%BB%8A%E6%B3%89%E5%BA%97&query_place_id=ChIJVYKRRnqRQTURrjeQS-Y3alo","name_ja":"鉄板焼酒場 いくら 天神今泉店"}},{"type":"Feature","geometry":{"type":"Point","coordinates":[130.413617,33.592894]},"properties":{"id":"ChIJFzYmX8eRQTURFoS3GNWXms0","name":"酒場 新百醬","category":"izakaya","days":[1,4],"area":"fukuoka","rating":4.7,"user_ratings_total":113,"gmaps_url":"https://www.google.com/maps/search/?api=1&query=%E9%85%92%E5%A0%B4%20%E3%83%8B%E3%83%A5%E3%83%BC%E7%99%BE%E3%81%A1%E3%82%83%E3%82%93&query_place_id=ChIJFzYmX8eRQTURFoS3GNWXms0","name_ja":"酒場 ニュー百ちゃん"}},{"type":"Feature","geometry":{"type":"Point","coordinates":[130.423701,33.588431]},"properties":{"id":"ChIJJUfS0smRQTURqlgGRkBFOf0","name":"博多牛腸鍋與烤雞串 博多風土本店","category":"izakaya","days":[1,4],"area":"fukuoka","rating":4.5,"user_ratings_total":1805,"gmaps_url":"https://www.google.com/maps/search/?api=1&query=%E3%80%90%E5%8D%9A%E5%A4%9A%E3%82%82%E3%81%A4%E9%8D%8B%E3%81%A8%E7%84%BC%E3%81%8D%E9%B3%A5%E3%80%91%E3%81%AF%E3%81%8B%E3%81%9F%E9%A2%A8%E5%9C%9F%E6%9C%AC%E5%BA%97&query_place_id=ChIJJUfS0smRQTURqlgGRkBFOf0","name_ja":"【博多もつ鍋と焼き鳥】はかた風土本店"}},{"type":"Feature","geometry":{"type":"Point","coordinates":[130.420923,33.586869]},"properties":{"id":"ChIJNdlM_buRQTUR0AjlH5iv_U8","name":"一頭霧水（Chinpunkampun）博多店","category":"izakaya","days":[1,4],"area":"fukuoka","rating":4.5,"user_ratings_total":1314,"gmaps_url":"https://www.google.com/maps/search/?api=1&query=%E3%81%A1%E3%82%93%E3%81%B7%E3%82%93%E3%81%8B%E3%82%93%E3%81%B7%E3%82%93%20%E5%8D%9A%E5%A4%9A%E5%BA%97&query_place_id=ChIJNdlM_buRQTUR0AjlH5iv_U8","name_ja":"ちんぷんかんぷん 博多店"}},{"type":"Feature","geometry":{"type":"Point","coordinates":[130.423831,33.588785]},"properties":{"id":"ChIJ6e13HHORQTURT8wS3TW3YSg","name":"博多雞皮串與肉汁餃子 雞酒場 博多店","category":"izakaya","days":[1,4],"area":"fukuoka","rating":4.5,"user_ratings_total":2718,"gmaps_url":"https://www.google.com/maps/search/?api=1&query=%E5%8D%9A%E5%A4%9A%E3%81%A8%E3%82%8A%E3%81%8B%E3%82%8F%E4%B8%B2%E3%81%A8%E8%82%89%E6%B1%81%E9%A4%83%E5%AD%90%E3%81%A8%E3%82%8A%E9%85%92%E5%A0%B4%20%E5%8D%9A%E5%A4%9A%E5%BA%97&query_place_id=ChIJ6e13HHORQTURT8wS3TW3YSg","name_ja":"博多とりかわ串と肉汁餃子とり酒場 博多店"}},{"type":"Feature","geometry":{"type":"Point","coordinates":[130.403977,33.582217]},"properties":{"id":"ChIJn8fAVY2RQTURkwjZBKR4A14","name":"博多酒場 Sol Riva","category":"izakaya","days":[1,4],"area":"fukuoka","rating":4.4,"user_ratings_total":239,"gmaps_url":"https://www.google.com/maps/search/?api=1&query=%E5%8D%9A%E5%A4%9A%E9%85%92%E5%A0%B4%20%E3%82%BD%E3%83%AB%E3%83%AA%E3%83%90&query_place_id=ChIJn8fAVY2RQTURkwjZBKR4A14","name_ja":"博多酒場 ソルリバ"}},{"type":"Feature","geometry":{"type":"Point","coordinates":[130.405,33.589852]},"properties":{"id":"ChIJnzkAHUSRQTURrJ6KI6MOKvg","name":"烤雞酒場 雞之家 春吉店","category":"izakaya","days":[1,4],"area":"fukuoka","rating":4.4,"user_ratings_total":177,"gmaps_url":"https://www.google.com/maps/search/?api=1&query=%E3%81%A8%E3%82%8A%E3%82%84%E3%81%8D%E9%85%92%E5%A0%B4%20%E9%B6%8F%E3%82%93%E5%AE%B6%20%E6%98%A5%E5%90%89%E5%BA%97&query_place_id=ChIJnzkAHUSRQTURrJ6KI6MOKvg","name_ja":"とりやき酒場 鶏ん家 春吉店"}},{"type":"Feature","geometry":{"type":"Point","coordinates":[130.402604,33.587017]},"properties":{"id":"ChIJt-84Jr-RQTURJuhD32nhhDg","name":"燒賣酒場 石井 天神店","category":"izakaya","days":[1,4],"area":"fukuoka","rating":4.3,"user_ratings_total":432,"gmaps_url":"https://www.google.com/maps/search/?api=1&query=%E7%84%BC%E5%A3%B2%E9%85%92%E5%A0%B4%20%E3%81%84%E3%81%97%E3%81%84%20%E5%A4%A9%E7%A5%9E%E5%BA%97&query_place_id=ChIJt-84Jr-RQTURJuhD32nhhDg","name_ja":"焼売酒場 いしい 天神店"}},{"type":"Feature","geometry":{"type":"Point","coordinates":[130.404018,33.587356]},"properties":{"id":"ChIJAWznzQGRQTURKJDOHMHeddU","name":"中華酒場 富味屋 FUMIYA(天神 裏天神 春吉)","category":"izakaya","days":[1,4],"area":"fukuoka","rating":4.2,"user_ratings_total":205,"gmaps_url":"https://www.google.com/maps/search/?api=1&query=%E4%B8%AD%E8%8F%AF%E9%85%92%E5%A0%B4%20%E5%AF%8C%E5%91%B3%E5%B1%8B%20FUMIYA%28%E5%A4%A9%E7%A5%9E%20%E8%A3%8F%E5%A4%A9%E7%A5%9E%20%E6%98%A5%E5%90%89%29&query_place_id=ChIJAWznzQGRQTURKJDOHMHeddU","name_ja":"中華酒場 富味屋 FUMIYA(天神 裏天神 春吉)"}},{"type":"Feature","geometry":{"type":"Point","coordinates":[130.42128,33.591131]},"properties":{"id":"ChIJBVmI6seRQTURXRYJxh2CCV0","name":"日本再生酒場 烤內臟 石井 博多店","category":"izakaya","days":[1,4],"area":"fukuoka","rating":4.2,"user_ratings_total":265,"gmaps_url":"https://www.google.com/maps/search/?api=1&query=%E6%97%A5%E6%9C%AC%E5%86%8D%E7%94%9F%E9%85%92%E5%A0%B4%20%E3%82%82%E3%81%A4%E7%84%BC%E3%81%8D%E5%87%A6%20%E3%81%84%E5%BF%97%E4%BA%95%20%E5%8D%9A%E5%A4%9A%E5%BA%97&query_place_id=ChIJBVmI6seRQTURXRYJxh2CCV0","name_ja":"日本再生酒場 もつ焼き処 い志井 博多店"}},{"type":"Feature","geometry":{"type":"Point","coordinates":[130.415626,33.588134]},"properties":{"id":"ChIJNRS2cxyRQTURBEU2shMhjCc","name":"大眾酒場 博多勝力","category":"izakaya","days":[1,4],"area":"fukuoka","rating":4.1,"user_ratings_total":141,"gmaps_url":"https://www.google.com/maps/search/?api=1&query=%E5%A4%A7%E8%A1%86%E9%85%92%E5%A0%B4%20%E5%8D%9A%E5%A4%9A%E3%81%8B%E3%81%A4%E3%82%8A%E3%81%8D&query_place_id=ChIJNRS2cxyRQTURBEU2shMhjCc","name_ja":"大衆酒場 博多かつりき"}},{"type":"Feature","geometry":{"type":"Point","coordinates":[130.41518,33.594411]},"properties":{"id":"ChIJPwGfO8GRQTUREzD9HHQ3J4s","name":"昭和大眾酒場TekuTeku屋","category":"izakaya","days":[1,4],"area":"fukuoka","rating":4.1,"user_ratings_total":135,"gmaps_url":"https://www.google.com/maps/search/?api=1&query=%E6%98%AD%E5%92%8C%E5%A4%A7%E8%A1%86%E9%85%92%E5%A0%B4%E3%81%A6%E3%81%8F%E3%81%A6%E3%81%8F%E5%B1%8B&query_place_id=ChIJPwGfO8GRQTUREzD9HHQ3J4s","name_ja":"昭和大衆酒場てくてく屋"}},{"type":"Feature","geometry":{"type":"Point","coordinates":[130.410097,33.596283]},"properties":{"id":"ChIJZXozVPSRQTURzHj6Lp1BjVs","name":"博多酒場 巨人（IZAKAYA GIANT）","category":"izakaya","days":[1,4],"area":"fukuoka","rating":4,"user_ratings_total":291,"gmaps_url":"https://www.google.com/maps/search/?api=1&query=%E5%8D%9A%E5%A4%9A%E3%81%AE%E9%85%92%E5%A0%B4%20%E3%82%B8%E3%83%A3%E3%82%A4%E3%82%A2%E3%83%B3%E3%83%88%20%28IZAKAYA%20GIANT%29&query_place_id=ChIJZXozVPSRQTURzHj6Lp1BjVs","name_ja":"博多の酒場 ジャイアント (IZAKAYA GIANT)"}},{"type":"Feature","geometry":{"type":"Point","coordinates":[130.421168,33.59115]},"properties":{"id":"ChIJ5b2Sf8iRQTURnmPK-k-6ZPU","name":"大眾歐風酒場 新小松","category":"izakaya","days":[1,4],"area":"fukuoka","rating":4,"user_ratings_total":367,"gmaps_url":"https://www.google.com/maps/search/?api=1&query=%E5%A4%A7%E8%A1%86%E6%AC%A7%E9%A2%A8%E9%85%92%E5%A0%B4%20%E3%83%8B%E3%83%A5%E3%83%BC%E3%82%B3%E3%83%9E%E3%83%84&query_place_id=ChIJ5b2Sf8iRQTURnmPK-k-6ZPU","name_ja":"大衆欧風酒場 ニューコマツ"}},{"type":"Feature","geometry":{"type":"Point","coordinates":[130.409997,33.595124]},"properties":{"id":"ChIJuVVjceqRQTUR6uNy_3p8ujw","name":"烤雞串酒場 Kurukuru","category":"izakaya","days":[1,4],"area":"fukuoka","rating":4,"user_ratings_total":133,"gmaps_url":"https://www.google.com/maps/search/?api=1&query=%E7%84%BC%E9%B3%A5%E9%85%92%E5%A0%B4%20%E3%81%8F%E3%82%8B%E3%81%8F%E3%82%8B&query_place_id=ChIJuVVjceqRQTUR6uNy_3p8ujw","name_ja":"焼鳥酒場 くるくる"}},{"type":"Feature","geometry":{"type":"Point","coordinates":[130.424273,33.588577]},"properties":{"id":"ChIJZW94ZDaRQTURUVo99VbgBNk","name":"大眾酒場 粹 sui","category":"izakaya","days":[1,4],"area":"fukuoka","rating":4,"user_ratings_total":213,"gmaps_url":"https://www.google.com/maps/search/?api=1&query=%E5%A4%A7%E8%A1%86%E9%85%92%E5%A0%B4%20%E7%B2%8B%20sui&query_place_id=ChIJZW94ZDaRQTURUVo99VbgBNk","name_ja":"大衆酒場 粋 sui"}},{"type":"Feature","geometry":{"type":"Point","coordinates":[130.399205,33.586591]},"properties":{"id":"ChIJVVLuFoWRQTUR_VGCZz3hO70","name":"博多牛腸鍋居酒屋 Maido 天神今泉本店（全包廂）","category":"izakaya","days":[1,4],"area":"fukuoka","rating":4,"user_ratings_total":150,"gmaps_url":"https://www.google.com/maps/search/?api=1&query=%E5%80%8B%E5%AE%A4%E5%AE%8C%E5%82%99%20%E5%8D%9A%E5%A4%9A%E3%82%82%E3%81%A4%E9%8D%8B%20%E5%B1%85%E9%85%92%E5%B1%8B%E3%81%BE%E3%81%84%E3%81%A9%20%E5%A4%A9%E7%A5%9E%E4%BB%8A%E6%B3%89%E6%9C%AC%E5%BA%97&query_place_id=ChIJVVLuFoWRQTUR_VGCZz3hO70","name_ja":"個室完備 博多もつ鍋 居酒屋まいど 天神今泉本店"}},{"type":"Feature","geometry":{"type":"Point","coordinates":[130.4165,33.588766]},"properties":{"id":"ChIJESzb0LiRQTURA4YCiLMQw2A","name":"博多串工房 二口（炭火烤雞串・包廂）","category":"izakaya","days":[1,4],"area":"fukuoka","rating":3.9,"user_ratings_total":667,"gmaps_url":"https://www.google.com/maps/search/?api=1&query=%E5%8D%9A%E5%A4%9A%E4%B8%B2%E5%B7%A5%E6%88%BF%20%E3%83%95%E3%82%BF%E3%82%AF%E3%83%81%20%E3%80%90%E7%82%AD%E7%81%AB%E7%84%BC%E3%81%8D%E9%B3%A5%C3%97%E5%80%8B%E5%AE%A4%E5%AE%8C%E5%82%99%E3%80%91&query_place_id=ChIJESzb0LiRQTURA4YCiLMQw2A","name_ja":"博多串工房 フタクチ 【炭火焼き鳥×個室完備】"}},{"type":"Feature","geometry":{"type":"Point","coordinates":[130.410327,33.592363]},"properties":{"id":"ChIJpSIwGGCRQTUROO5z6XIblHc","name":"大眾酒場 餃子達醬 中洲川端店","category":"izakaya","days":[1,4],"area":"fukuoka","rating":3.9,"user_ratings_total":563,"gmaps_url":"https://www.google.com/maps/search/?api=1&query=%E5%A4%A7%E8%A1%86%E9%85%92%E5%A0%B4%20%E9%A4%83%E5%AD%90%E3%81%AE%E3%81%9F%E3%81%A3%E3%81%A1%E3%82%83%E3%82%93%20%E4%B8%AD%E6%B4%B2%E5%B7%9D%E7%AB%AF%E5%BA%97&query_place_id=ChIJpSIwGGCRQTUROO5z6XIblHc","name_ja":"大衆酒場 餃子のたっちゃん 中洲川端店"}},{"type":"Feature","geometry":{"type":"Point","coordinates":[130.399031,33.586109]},"properties":{"id":"ChIJlVo1HIWRQTURRc5LesUJhjU","name":"新風格居酒屋 IZAKAYA New Style","category":"izakaya","days":[1,4],"area":"fukuoka","rating":3.9,"user_ratings_total":177,"gmaps_url":"https://www.google.com/maps/search/?api=1&query=IZAKAYA%20New%20Style&query_place_id=ChIJlVo1HIWRQTURRc5LesUJhjU","name_ja":"IZAKAYA New Style"}},{"type":"Feature","geometry":{"type":"Point","coordinates":[130.395606,33.589136]},"properties":{"id":"ChIJ-VwlnT6RQTURVJ1bkpvOHls","name":"大眾酒場 餃子達醬 天神西通店","category":"izakaya","days":[1,4],"area":"fukuoka","rating":3.8,"user_ratings_total":316,"gmaps_url":"https://www.google.com/maps/search/?api=1&query=%E5%A4%A7%E8%A1%86%E9%85%92%E5%A0%B4%20%E9%A4%83%E5%AD%90%E3%81%AE%E3%81%9F%E3%81%A3%E3%81%A1%E3%82%83%E3%82%93%20%E5%A4%A9%E7%A5%9E%E8%A5%BF%E9%80%9A%E3%82%8A%E5%BA%97&query_place_id=ChIJ-VwlnT6RQTURVJ1bkpvOHls","name_ja":"大衆酒場 餃子のたっちゃん 天神西通り店"}},{"type":"Feature","geometry":{"type":"Point","coordinates":[130.400553,33.588003]},"properties":{"id":"ChIJZzuS9pSRQTURZXAqKKpectw","name":"大創 DAISO LACHIC 福岡天神店","category":"lifestyle","days":[1,4],"area":"fukuoka","rating":4.3,"user_ratings_total":265,"gmaps_url":"https://www.google.com/maps/search/?api=1&query=%E3%83%80%E3%82%A4%E3%82%BD%E3%83%BC%20%E3%83%A9%E3%82%B7%E3%83%83%E3%82%AF%E7%A6%8F%E5%B2%A1%E5%A4%A9%E7%A5%9E%E5%BA%97&query_place_id=ChIJZzuS9pSRQTURZXAqKKpectw","name_ja":"ダイソー ラシック福岡天神店"}},{"type":"Feature","geometry":{"type":"Point","coordinates":[130.398871,33.588953]},"properties":{"id":"ChIJ4SePkI-RQTURg4qxtisXQHk","name":"無印良品 Solaria Plaza","category":"lifestyle","days":[1,4],"area":"fukuoka","rating":4.3,"user_ratings_total":21,"gmaps_url":"https://www.google.com/maps/search/?api=1&query=%E7%84%A1%E5%8D%B0%E8%89%AF%E5%93%81%20%E3%82%BD%E3%83%A9%E3%83%AA%E3%82%A2%E3%83%97%E3%83%A9%E3%82%B6&query_place_id=ChIJ4SePkI-RQTURg4qxtisXQHk","name_ja":"無印良品 ソラリアプラザ"}},{"type":"Feature","geometry":{"type":"Point","coordinates":[130.419189,33.591347]},"properties":{"id":"ChIJpT07zMeRQTUR-qvo2M2BMO8","name":"大創 DAISO 博多巴士總站店","category":"lifestyle","days":[1,4],"area":"fukuoka","rating":4.2,"user_ratings_total":2234,"gmaps_url":"https://www.google.com/maps/search/?api=1&query=%E3%83%80%E3%82%A4%E3%82%BD%E3%83%BC%20%E5%8D%9A%E5%A4%9A%E3%83%90%E3%82%B9%E3%82%BF%E3%83%BC%E3%83%9F%E3%83%8A%E3%83%AB%E5%BA%97&query_place_id=ChIJpT07zMeRQTUR-qvo2M2BMO8","name_ja":"ダイソー 博多バスターミナル店"}},{"type":"Feature","geometry":{"type":"Point","coordinates":[130.398374,33.592974]},"properties":{"id":"ChIJhfoNxMGRQTURaouv8_BeeHA","name":"Seria mina 天神店","category":"lifestyle","days":[1,4],"area":"fukuoka","rating":4.2,"user_ratings_total":175,"gmaps_url":"https://www.google.com/maps/search/?api=1&query=Seria%20%E3%83%9F%E3%83%BC%E3%83%8A%E5%A4%A9%E7%A5%9E%E5%BA%97&query_place_id=ChIJhfoNxMGRQTURaouv8_BeeHA","name_ja":"Seria ミーナ天神店"}},{"type":"Feature","geometry":{"type":"Point","coordinates":[130.410479,33.590715]},"properties":{"id":"ChIJNXVUf5WRQTUR_R7Zv1Qg6JM","name":"無印良品 博多運河城店","category":"lifestyle","days":[1,4],"area":"fukuoka","rating":4.1,"user_ratings_total":841,"gmaps_url":"https://www.google.com/maps/search/?api=1&query=%E7%84%A1%E5%8D%B0%E8%89%AF%E5%93%81%20%E3%82%AD%E3%83%A3%E3%83%8A%E3%83%AB%E3%82%B7%E3%83%86%E3%82%A3%E5%8D%9A%E5%A4%9A%E5%BA%97&query_place_id=ChIJNXVUf5WRQTUR_R7Zv1Qg6JM","name_ja":"無印良品 キャナルシティ博多店"}},{"type":"Feature","geometry":{"type":"Point","coordinates":[130.401082,33.588691]},"properties":{"id":"ChIJQ1n64ByRQTURRpkQ2zLepOM","name":"無印良品 大丸福岡天神","category":"lifestyle","days":[1,4],"area":"fukuoka","rating":4.1,"user_ratings_total":149,"gmaps_url":"https://www.google.com/maps/search/?api=1&query=%E7%84%A1%E5%8D%B0%E8%89%AF%E5%93%81%20%E5%A4%A7%E4%B8%B8%E7%A6%8F%E5%B2%A1%E5%A4%A9%E7%A5%9E&query_place_id=ChIJQ1n64ByRQTURRpkQ2zLepOM","name_ja":"無印良品 大丸福岡天神"}},{"type":"Feature","geometry":{"type":"Point","coordinates":[130.419728,33.588958]},"properties":{"id":"ChIJc_NJZLiRQTURujb64MdSKiw","name":"Seria 博多丸井店","category":"lifestyle","days":[1,4],"area":"fukuoka","rating":4,"user_ratings_total":270,"gmaps_url":"https://www.google.com/maps/search/?api=1&query=Seria%20%E5%8D%9A%E5%A4%9A%E3%83%9E%E3%83%AB%E3%82%A4%E5%BA%97&query_place_id=ChIJc_NJZLiRQTURujb64MdSKiw","name_ja":"Seria 博多マルイ店"}},{"type":"Feature","geometry":{"type":"Point","coordinates":[130.405597,33.594995]},"properties":{"id":"ChIJ8wPpVeuRQTUROduc5i--8X4","name":"Seria 博多 Riverain 店","category":"lifestyle","days":[1,4],"area":"fukuoka","rating":4,"user_ratings_total":276,"gmaps_url":"https://www.google.com/maps/search/?api=1&query=Seria%20%E5%8D%9A%E5%A4%9A%E3%83%AA%E3%83%90%E3%83%AC%E3%82%A4%E3%83%B3%E5%BA%97&query_place_id=ChIJ8wPpVeuRQTUROduc5i--8X4","name_ja":"Seria 博多リバレイン店"}},{"type":"Feature","geometry":{"type":"Point","coordinates":[130.420504,33.591071]},"properties":{"id":"ChIJPTGf7MeRQTUR2Jc8IfwNnFg","name":"無印良品 AMU PLAZA 博多","category":"lifestyle","days":[1,4],"area":"fukuoka","rating":4,"user_ratings_total":668,"gmaps_url":"https://www.google.com/maps/search/?api=1&query=%E7%84%A1%E5%8D%B0%E8%89%AF%E5%93%81%20%E3%82%A2%E3%83%9F%E3%83%A5%E3%83%97%E3%83%A9%E3%82%B6%E5%8D%9A%E5%A4%9A&query_place_id=ChIJPTGf7MeRQTUR2Jc8IfwNnFg","name_ja":"無印良品 アミュプラザ博多"}},{"type":"Feature","geometry":{"type":"Point","coordinates":[130.420062,33.590742]},"properties":{"id":"ChIJBVmI6seRQTURMQyRWEJoJCA","name":"HANDS 博多店","category":"lifestyle","days":[1,4],"area":"fukuoka","rating":4,"user_ratings_total":2003,"gmaps_url":"https://www.google.com/maps/search/?api=1&query=%E3%83%8F%E3%83%B3%E3%82%BA%20%E5%8D%9A%E5%A4%9A%E5%BA%97&query_place_id=ChIJBVmI6seRQTURMQyRWEJoJCA","name_ja":"ハンズ 博多店"}},{"type":"Feature","geometry":{"type":"Point","coordinates":[130.39832,33.592837]},"properties":{"id":"ChIJ_f7d_pSRQTURd7SHIQxlKP0","name":"3COINS +plus mina 天神店","category":"lifestyle","days":[1,4],"area":"fukuoka","rating":3.9,"user_ratings_total":253,"gmaps_url":"https://www.google.com/maps/search/?api=1&query=3COINS%20%2Bplus%20%E3%83%9F%E3%83%BC%E3%83%8A%E5%A4%A9%E7%A5%9E%E5%BA%97&query_place_id=ChIJ_f7d_pSRQTURd7SHIQxlKP0","name_ja":"3COINS +plus ミーナ天神店"}},{"type":"Feature","geometry":{"type":"Point","coordinates":[130.421257,33.58948]},"properties":{"id":"ChIJs2MDCMiRQTURTVnITkPGQ68","name":"3COINS AMU EST 博多店","category":"lifestyle","days":[1,4],"area":"fukuoka","rating":3.8,"user_ratings_total":122,"gmaps_url":"https://www.google.com/maps/search/?api=1&query=3COINS%20%E3%82%A2%E3%83%9F%E3%83%A5%E3%82%A8%E3%82%B9%E3%83%88%E5%8D%9A%E5%A4%9A%E5%BA%97&query_place_id=ChIJs2MDCMiRQTURTVnITkPGQ68","name_ja":"3COINS アミュエスト博多店"}},{"type":"Feature","geometry":{"type":"Point","coordinates":[130.409601,33.592852]},"properties":{"id":"ChIJ8whJOJWRQTUR4tCkHbKp9H8","name":"大創 DAISO 上川端店","category":"lifestyle","days":[1,4],"area":"fukuoka","rating":3.8,"user_ratings_total":288,"gmaps_url":"https://www.google.com/maps/search/?api=1&query=%E3%83%80%E3%82%A4%E3%82%BD%E3%83%BC%20%E4%B8%8A%E5%B7%9D%E7%AB%AF%E5%BA%97&query_place_id=ChIJ8whJOJWRQTUR4tCkHbKp9H8","name_ja":"ダイソー 上川端店"}},{"type":"Feature","geometry":{"type":"Point","coordinates":[130.421522,33.588288]},"properties":{"id":"ChIJaS-AIyCRQTURuoX6XhpYgqE","name":"大創 DAISO 友都八喜博多店","category":"lifestyle","days":[1,4],"area":"fukuoka","rating":3.7,"user_ratings_total":104,"gmaps_url":"https://www.google.com/maps/search/?api=1&query=%E3%83%80%E3%82%A4%E3%82%BD%E3%83%BC%20%E3%83%A8%E3%83%89%E3%83%90%E3%82%B7%E5%8D%9A%E5%A4%9A%E5%BA%97&query_place_id=ChIJaS-AIyCRQTURuoX6XhpYgqE","name_ja":"ダイソー ヨドバシ博多店"}},{"type":"Feature","geometry":{"type":"Point","coordinates":[130.39802,33.586348]},"properties":{"id":"ChIJj9iUqoWRQTURWnFERWGSVHg","name":"唐吉訶德 福岡天神本店","category":"lifestyle","days":[1,4],"area":"fukuoka","rating":3.7,"user_ratings_total":7314,"gmaps_url":"https://www.google.com/maps/search/?api=1&query=%E3%83%89%E3%83%B3%E3%83%BB%E3%82%AD%E3%83%9B%E3%83%BC%E3%83%86%20%E7%A6%8F%E5%B2%A1%E5%A4%A9%E7%A5%9E%E6%9C%AC%E5%BA%97&query_place_id=ChIJj9iUqoWRQTURWnFERWGSVHg","name_ja":"ドン・キホーテ 福岡天神本店"}},{"type":"Feature","geometry":{"type":"Point","coordinates":[130.405846,33.593985]},"properties":{"id":"ChIJU6_Qh5SRQTURhTacOuDrmZo","name":"唐吉訶德 中洲店","category":"lifestyle","days":[1,4],"area":"fukuoka","rating":3.7,"user_ratings_total":7705,"gmaps_url":"https://www.google.com/maps/search/?api=1&query=%E3%83%89%E3%83%B3%E3%83%BB%E3%82%AD%E3%83%9B%E3%83%BC%E3%83%86%20%E4%B8%AD%E6%B4%B2%E5%BA%97&query_place_id=ChIJU6_Qh5SRQTURhTacOuDrmZo","name_ja":"ドン・キホーテ 中洲店"}},{"type":"Feature","geometry":{"type":"Point","coordinates":[130.396749,33.587336]},"properties":{"id":"ChIJlcsUZwCRQTURafjK0vi6CxE","name":"唐吉訶德 天神西通店","category":"lifestyle","days":[1,4],"area":"fukuoka","rating":3.2,"user_ratings_total":53,"gmaps_url":"https://www.google.com/maps/search/?api=1&query=%E3%83%89%E3%83%B3%E3%83%BB%E3%82%AD%E3%83%9B%E3%83%BC%E3%83%86%E5%A4%A9%E7%A5%9E%E8%A5%BF%E9%80%9A%E3%82%8A%E5%BA%97&query_place_id=ChIJlcsUZwCRQTURafjK0vi6CxE","name_ja":"ドン・キホーテ天神西通り店"}},{"type":"Feature","geometry":{"type":"Point","coordinates":[130.411098,33.589543]},"properties":{"id":"ChIJme7cT6mRQTUR3hT8vucUK0Y","name":"Lashinbang 博多運河城店","category":"otaku","days":[1,4],"area":"fukuoka","rating":4.6,"user_ratings_total":100,"gmaps_url":"https://www.google.com/maps/search/?api=1&query=%E3%82%89%E3%81%97%E3%82%93%E3%81%B0%E3%82%93%E3%82%AD%E3%83%A3%E3%83%8A%E3%83%AB%E3%82%B7%E3%83%86%E3%82%A3%E5%8D%9A%E5%A4%9A%E5%BA%97&query_place_id=ChIJme7cT6mRQTUR3hT8vucUK0Y","name_ja":"らしんばんキャナルシティ博多店"}},{"type":"Feature","geometry":{"type":"Point","coordinates":[130.419255,33.589114]},"properties":{"id":"ChIJZR7Cbl2RQTUROZWbEe06Juw","name":"Lashinbang 博多丸井店","category":"otaku","days":[1,4],"area":"fukuoka","rating":4.4,"user_ratings_total":124,"gmaps_url":"https://www.google.com/maps/search/?api=1&query=%E3%82%89%E3%81%97%E3%82%93%E3%81%B0%E3%82%93%E5%8D%9A%E5%A4%9A%E3%83%9E%E3%83%AB%E3%82%A4%E5%BA%97&query_place_id=ChIJZR7Cbl2RQTUROZWbEe06Juw","name_ja":"らしんばん博多マルイ店"}},{"type":"Feature","geometry":{"type":"Point","coordinates":[130.398727,33.590916]},"properties":{"id":"ChIJtTHWz4iRQTURJjWhyDSwJXk","name":"animate 福岡 PARCO","category":"otaku","days":[1,4],"area":"fukuoka","rating":4.2,"user_ratings_total":2887,"gmaps_url":"https://www.google.com/maps/search/?api=1&query=%E3%82%A2%E3%83%8B%E3%83%A1%E3%82%A4%E3%83%88%E7%A6%8F%E5%B2%A1%E3%83%91%E3%83%AB%E3%82%B3&query_place_id=ChIJtTHWz4iRQTURJjWhyDSwJXk","name_ja":"アニメイト福岡パルコ"}},{"type":"Feature","geometry":{"type":"Point","coordinates":[130.419256,33.589003]},"properties":{"id":"ChIJ74LQjMeRQTURouWqGzzDgF8","name":"寶可夢中心 福岡","category":"otaku","days":[1,4],"area":"fukuoka","rating":4.2,"user_ratings_total":2108,"gmaps_url":"https://www.google.com/maps/search/?api=1&query=%E3%83%9D%E3%82%B1%E3%83%A2%E3%83%B3%E3%82%BB%E3%83%B3%E3%82%BF%E3%83%BC%E3%83%95%E3%82%AF%E3%82%AA%E3%82%AB&query_place_id=ChIJ74LQjMeRQTURouWqGzzDgF8","name_ja":"ポケモンセンターフクオカ"}},{"type":"Feature","geometry":{"type":"Point","coordinates":[130.397828,33.590217]},"properties":{"id":"ChIJ8_hFa6CRQTURaglw0iOhfWc","name":"駿河屋新天町店卡牌館","category":"otaku","days":[1,4],"area":"fukuoka","rating":3.9,"user_ratings_total":7,"gmaps_url":"https://www.google.com/maps/search/?api=1&query=%E9%A7%BF%E6%B2%B3%E5%B1%8B%E6%96%B0%E5%A4%A9%E7%94%BA%E5%BA%97%E3%83%88%E3%83%AC%E3%82%AB%E9%A4%A8&query_place_id=ChIJ8_hFa6CRQTURaglw0iOhfWc","name_ja":"駿河屋新天町店トレカ館"}},{"type":"Feature","geometry":{"type":"Point","coordinates":[130.411158,33.590021]},"properties":{"id":"ChIJaxduH76RQTURcnUkUnD443U","name":"JUMP SHOP福岡店","category":"otaku","days":[1,4],"area":"fukuoka","rating":3.9,"user_ratings_total":299,"gmaps_url":"https://www.google.com/maps/search/?api=1&query=JUMP%20SHOP%E7%A6%8F%E5%B2%A1%E5%BA%97&query_place_id=ChIJaxduH76RQTURcnUkUnD443U","name_ja":"JUMP SHOP福岡店"}},{"type":"Feature","geometry":{"type":"Point","coordinates":[130.39855,33.590874]},"properties":{"id":"ChIJq9sdU46RQTUR8kPIsNuueu8","name":"Village Vanguard 福岡 PARCO 店","category":"otaku","days":[1,4],"area":"fukuoka","rating":3.7,"user_ratings_total":184,"gmaps_url":"https://www.google.com/maps/search/?api=1&query=%E3%83%B4%E3%82%A3%E3%83%AC%E3%83%83%E3%82%B8%E3%83%B4%E3%82%A1%E3%83%B3%E3%82%AC%E3%83%BC%E3%83%89%20%E7%A6%8F%E5%B2%A1%E3%83%91%E3%83%AB%E3%82%B3%E5%BA%97&query_place_id=ChIJq9sdU46RQTUR8kPIsNuueu8","name_ja":"ヴィレッジヴァンガード 福岡パルコ店"}},{"type":"Feature","geometry":{"type":"Point","coordinates":[130.419531,33.588936]},"properties":{"id":"ChIJ50djFFqRQTURbB5I6k8V4w4","name":"駿河屋 博多丸井店","category":"otaku","days":[1,4],"area":"fukuoka","rating":2.9,"user_ratings_total":360,"gmaps_url":"https://www.google.com/maps/search/?api=1&query=%E9%A7%BF%E6%B2%B3%E5%B1%8B%20%E5%8D%9A%E5%A4%9A%E3%83%9E%E3%83%AB%E3%82%A4%E5%BA%97&query_place_id=ChIJ50djFFqRQTURbB5I6k8V4w4","name_ja":"駿河屋 博多マルイ店"}},{"type":"Feature","geometry":{"type":"Point","coordinates":[130.412564,33.58817]},"properties":{"id":"ChIJGeZm_zqRQTURxle-0X3zrfQ","name":"博多鹽味牛腸鍋 仙頭 博多住吉店","category":"restaurant","days":[1,4],"area":"fukuoka","rating":4.9,"user_ratings_total":2920,"gmaps_url":"https://www.google.com/maps/search/?api=1&query=%E5%8D%9A%E5%A4%9A%E5%A1%A9%E3%82%82%E3%81%A4%E9%8D%8B%20%E4%BB%99%E9%A0%AD%20%E5%8D%9A%E5%A4%9A%E4%BD%8F%E5%90%89%E5%BA%97&query_place_id=ChIJGeZm_zqRQTURxle-0X3zrfQ","name_ja":"博多塩もつ鍋 仙頭 博多住吉店"}},{"type":"Feature","geometry":{"type":"Point","coordinates":[130.416609,33.590069]},"properties":{"id":"ChIJZyioNCuRQTURayOI1qNFUhk","name":"元祖牛腸鍋 樂天地 博多站前2丁目店","category":"restaurant","days":[1,4],"area":"fukuoka","rating":4.9,"user_ratings_total":1399,"gmaps_url":"https://www.google.com/maps/search/?api=1&query=%E5%85%83%E7%A5%96%20%E3%82%82%E3%81%A4%E9%8D%8B%20%E6%A5%BD%E5%A4%A9%E5%9C%B0%20%E5%8D%9A%E5%A4%9A%E9%A7%85%20%E5%89%8D%202%E4%B8%81%E7%9B%AE%E5%BA%97&query_place_id=ChIJZyioNCuRQTURayOI1qNFUhk","name_ja":"元祖 もつ鍋 楽天地 博多駅 前 2丁目店"}},{"type":"Feature","geometry":{"type":"Point","coordinates":[130.408324,33.592539]},"properties":{"id":"ChIJnXOp7xmRQTUR74JAqMU0eHs","name":"燒肉 Yacchan 中洲店（深夜營業）","category":"restaurant","days":[1,4],"area":"fukuoka","rating":4.9,"user_ratings_total":1207,"gmaps_url":"https://www.google.com/maps/search/?api=1&query=%E7%84%BC%E8%82%89%E3%82%84%E3%81%A3%E3%81%A1%E3%82%83%E3%82%93%20%E4%B8%AD%E6%B4%B2%E5%BA%97%20%7C%20%E7%A6%8F%E5%B2%A1%E3%83%BB%E5%8D%9A%E5%A4%9A%20%E6%B7%B1%E5%A4%9C%E3%82%82%E5%96%B6%E6%A5%AD&query_place_id=ChIJnXOp7xmRQTUR74JAqMU0eHs","name_ja":"焼肉やっちゃん 中洲店 | 福岡・博多 深夜も営業"}},{"type":"Feature","geometry":{"type":"Point","coordinates":[130.397577,33.590766]},"properties":{"id":"ChIJ-5YVGwCRQTUR3UTRYRvNWyc","name":"燒肉 Toraji 天神店","category":"restaurant","days":[1,4],"area":"fukuoka","rating":4.9,"user_ratings_total":1785,"gmaps_url":"https://www.google.com/maps/search/?api=1&query=%E7%84%BC%E8%82%89%E3%83%88%E3%83%A9%E3%82%B8%20%E5%A4%A9%E7%A5%9E%E5%BA%97&query_place_id=ChIJ-5YVGwCRQTUR3UTRYRvNWyc","name_ja":"焼肉トラジ 天神店"}},{"type":"Feature","geometry":{"type":"Point","coordinates":[130.407912,33.591836]},"properties":{"id":"ChIJjS-BUuaRQTURXor6BDy2aUU","name":"雞皮・中華麵 皮之麵","category":"restaurant","days":[1,4],"area":"fukuoka","rating":4.8,"user_ratings_total":1981,"gmaps_url":"https://www.google.com/maps/search/?api=1&query=%E3%81%A8%E3%82%8A%E7%9A%AE%E3%83%BB%E4%B8%AD%E8%8F%AF%E3%81%9D%E3%81%B0%20%E3%81%8B%E3%82%8F%E3%81%AE%E3%81%9D%E3%81%B0&query_place_id=ChIJjS-BUuaRQTURXor6BDy2aUU","name_ja":"とり皮・中華そば かわのそば"}},{"type":"Feature","geometry":{"type":"Point","coordinates":[130.415981,33.588801]},"properties":{"id":"ChIJzSUQOL2RQTUR9vFn3tDlGtc","name":"博多牛腸鍋 樂天地 博多站前店","category":"restaurant","days":[1,4],"area":"fukuoka","rating":4.8,"user_ratings_total":23809,"gmaps_url":"https://www.google.com/maps/search/?api=1&query=%E5%8D%9A%E5%A4%9A%E3%82%82%E3%81%A4%E9%8D%8B%20%E6%A5%BD%E5%A4%A9%E5%9C%B0%20%E5%8D%9A%E5%A4%9A%E9%A7%85%E5%89%8D%E5%BA%97&query_place_id=ChIJzSUQOL2RQTUR9vFn3tDlGtc","name_ja":"博多もつ鍋 楽天地 博多駅前店"}},{"type":"Feature","geometry":{"type":"Point","coordinates":[130.411151,33.590735]},"properties":{"id":"ChIJM4QStLORQTURxl6hrh58V3Y","name":"博多牛腸鍋咖啡 樂天地 中洲運河前店","category":"restaurant","days":[1,4],"area":"fukuoka","rating":4.8,"user_ratings_total":1609,"gmaps_url":"https://www.google.com/maps/search/?api=1&query=%E5%8D%9A%E5%A4%9A%E3%82%82%E3%81%A4%E9%8D%8B%20%E3%82%AB%E3%83%95%E3%82%A7%20%E6%A5%BD%E5%A4%A9%E5%9C%B0%20%E4%B8%AD%E6%B4%B2%E3%82%AD%E3%83%A3%E3%83%8A%E3%83%AB%E5%89%8D%E5%BA%97&query_place_id=ChIJM4QStLORQTURxl6hrh58V3Y","name_ja":"博多もつ鍋 カフェ 楽天地 中洲キャナル前店"}},{"type":"Feature","geometry":{"type":"Point","coordinates":[130.405573,33.589751]},"properties":{"id":"ChIJ_2CFTZGRQTURn1N_0XzFG6k","name":"元祖牛腸鍋 樂天地西中州店","category":"restaurant","days":[1,4],"area":"fukuoka","rating":4.8,"user_ratings_total":12660,"gmaps_url":"https://www.google.com/maps/search/?api=1&query=%E5%85%83%E7%A5%96%20%E3%82%82%E3%81%A4%E9%8D%8B%20%E6%A5%BD%E5%A4%A9%E5%9C%B0%20%E5%A4%A9%E7%A5%9E%20%E8%A5%BF%20%E4%B8%AD%E6%B4%B2%20%E5%BA%97&query_place_id=ChIJ_2CFTZGRQTURn1N_0XzFG6k","name_ja":"元祖 もつ鍋 楽天地 天神 西 中洲 店"}},{"type":"Feature","geometry":{"type":"Point","coordinates":[130.396218,33.588821]},"properties":{"id":"ChIJvaQvffuRQTURQQ2_TGoii_c","name":"元祖牛腸鍋 樂天地 天神西通店","category":"restaurant","days":[1,4],"area":"fukuoka","rating":4.8,"user_ratings_total":19235,"gmaps_url":"https://www.google.com/maps/search/?api=1&query=%E5%85%83%E7%A5%96%20%E3%82%82%E3%81%A4%E9%8D%8B%20%E6%A5%BD%E5%A4%A9%E5%9C%B0%20%E5%A4%A9%E7%A5%9E%20%E8%A5%BF%E9%80%9A%E3%82%8A%E5%BA%97&query_place_id=ChIJvaQvffuRQTURQQ2_TGoii_c","name_ja":"元祖 もつ鍋 楽天地 天神 西通り店"}},{"type":"Feature","geometry":{"type":"Point","coordinates":[130.399163,33.58979]},"properties":{"id":"ChIJd_ohllyRQTURKek685Y7KRs","name":"元祖牛腸鍋 樂天地 天神 Solaria Stage 美食街店（B2F）","category":"restaurant","days":[1,4],"area":"fukuoka","rating":4.8,"user_ratings_total":4416,"gmaps_url":"https://www.google.com/maps/search/?api=1&query=%E5%85%83%E7%A5%96%20%E3%82%82%E3%81%A4%E9%8D%8B%20%E6%A5%BD%E5%A4%A9%E5%9C%B0%20%E5%A4%A9%E7%A5%9E%20%E3%82%BD%E3%83%A9%E3%83%AA%E3%82%A2%E3%82%B9%E3%83%86%E3%83%BC%E3%82%B8%E5%91%B3%E3%81%AE%E3%82%BF%E3%82%A6%E3%83%B3%E5%BA%97%20B2F&query_place_id=ChIJd_ohllyRQTURKek685Y7KRs","name_ja":"元祖 もつ鍋 楽天地 天神 ソラリアステージ味のタウン店 B2F"}},{"type":"Feature","geometry":{"type":"Point","coordinates":[130.403689,33.594085]},"properties":{"id":"ChIJeSjJ7y6RQTURYGhTKNuNy3E","name":"中洲牛腸鍋 和","category":"restaurant","days":[1,4],"area":"fukuoka","rating":4.8,"user_ratings_total":1065,"gmaps_url":"https://www.google.com/maps/search/?api=1&query=%E4%B8%AD%E6%B4%B2%E3%82%82%E3%81%A4%E9%8D%8B%20%E5%92%8C&query_place_id=ChIJeSjJ7y6RQTURYGhTKNuNy3E","name_ja":"中洲もつ鍋 和"}},{"type":"Feature","geometry":{"type":"Point","coordinates":[130.397322,33.586285]},"properties":{"id":"ChIJi-XxToSRQTURld0_Rxqs5KY","name":"元祖 牛腸鍋 樂天地天神 今泉總本店","category":"restaurant","days":[1,4],"area":"fukuoka","rating":4.8,"user_ratings_total":20698,"gmaps_url":"https://www.google.com/maps/search/?api=1&query=%E3%82%82%E3%81%A4%E9%8D%8B%20%E3%81%AE%E5%85%83%E7%A5%96%20%E6%A5%BD%E5%A4%A9%E5%9C%B0%20%E7%A6%8F%E5%B2%A1%20%E5%A4%A9%E7%A5%9E%20%E7%B7%8F%E6%9C%AC%E5%BA%97%EF%BC%88%E4%BB%8A%E6%B3%89%EF%BC%89&query_place_id=ChIJi-XxToSRQTURld0_Rxqs5KY","name_ja":"もつ鍋 の元祖 楽天地 福岡 天神 総本店（今泉）"}},{"type":"Feature","geometry":{"type":"Point","coordinates":[130.414029,33.590152]},"properties":{"id":"ChIJAavimtmRQTURwWlAu1f2pYQ","name":"牛腸鍋 二代目樂天地 博多站博多口店","category":"restaurant","days":[1,4],"area":"fukuoka","rating":4.8,"user_ratings_total":10795,"gmaps_url":"https://www.google.com/maps/search/?api=1&query=%E3%82%82%E3%81%A4%E9%8D%8B%20%E4%BA%8C%E4%BB%A3%E7%9B%AE%20%E6%A5%BD%E5%A4%A9%E5%9C%B0%20%E5%8D%9A%E5%A4%9A%E9%A7%85%20%E5%8D%9A%E5%A4%9A%E5%8F%A3%20%E5%BA%97&query_place_id=ChIJAavimtmRQTURwWlAu1f2pYQ","name_ja":"もつ鍋 二代目 楽天地 博多駅 博多口 店"}},{"type":"Feature","geometry":{"type":"Point","coordinates":[130.419144,33.588153]},"properties":{"id":"ChIJsdGm9lqRQTURTOIahN6Y4Fo","name":"博多壽司町 JP博多大樓店","category":"restaurant","days":[1,4],"area":"fukuoka","rating":4.8,"user_ratings_total":1061,"gmaps_url":"https://www.google.com/maps/search/?api=1&query=%E5%8D%9A%E5%A4%9A%E3%82%AA%E3%82%B9%E3%82%B7%E3%83%9E%E3%83%81%20JP%E5%8D%9A%E5%A4%9A%E3%83%93%E3%83%AB%E5%BA%97&query_place_id=ChIJsdGm9lqRQTURTOIahN6Y4Fo","name_ja":"博多オスシマチ JP博多ビル店"}},{"type":"Feature","geometry":{"type":"Point","coordinates":[130.400136,33.585844]},"properties":{"id":"ChIJ29wTL4WRQTURl_97yMB8jR0","name":"牛腸鍋 一藤 今泉本店","category":"restaurant","days":[1,4],"area":"fukuoka","rating":4.7,"user_ratings_total":2190,"gmaps_url":"https://www.google.com/maps/search/?api=1&query=%E3%82%82%E3%81%A4%E9%8D%8B%20%E4%B8%80%E8%97%A4%20%E4%BB%8A%E6%B3%89%E6%9C%AC%E5%BA%97&query_place_id=ChIJ29wTL4WRQTURl_97yMB8jR0","name_ja":"もつ鍋 一藤 今泉本店"}},{"type":"Feature","geometry":{"type":"Point","coordinates":[130.419128,33.588894]},"properties":{"id":"ChIJOcGuX0SRQTURV1t6BKlV8FY","name":"牛腸酒場 樂天地 KITTE 博多店","category":"restaurant","days":[1,4],"area":"fukuoka","rating":4.7,"user_ratings_total":6200,"gmaps_url":"https://www.google.com/maps/search/?api=1&query=%E3%83%A2%E3%83%84%E9%85%92%E5%A0%B4%20%E6%A5%BD%E5%A4%A9%E5%9C%B0%20%EF%BC%AB%EF%BC%A9%EF%BC%B4%EF%BC%B4%EF%BC%A5%20%E5%8D%9A%E5%A4%9A%E5%BA%97&query_place_id=ChIJOcGuX0SRQTURV1t6BKlV8FY","name_ja":"モツ酒場 楽天地 ＫＩＴＴＥ 博多店"}},{"type":"Feature","geometry":{"type":"Point","coordinates":[130.424619,33.590452]},"properties":{"id":"ChIJER01-ciRQTURK0Y8aElB9tg","name":"元祖牛腸鍋 樂天地 APA 博多站東店","category":"restaurant","days":[1,4],"area":"fukuoka","rating":4.7,"user_ratings_total":6733,"gmaps_url":"https://www.google.com/maps/search/?api=1&query=%E5%85%83%E7%A5%96%20%E3%82%82%E3%81%A4%E9%8D%8B%20%E6%A5%BD%E5%A4%A9%E5%9C%B0%20%E3%82%A2%E3%83%91%20%E5%8D%9A%E5%A4%9A%E9%A7%85%20%E6%9D%B1%E5%BA%97&query_place_id=ChIJER01-ciRQTURK0Y8aElB9tg","name_ja":"元祖 もつ鍋 楽天地 アパ 博多駅 東店"}},{"type":"Feature","geometry":{"type":"Point","coordinates":[130.408199,33.592057]},"properties":{"id":"ChIJ18GldwCRQTURswHjGu9iPco","name":"燒肉 從這裡開始（Kokokara）中洲店","category":"restaurant","days":[1,4],"area":"fukuoka","rating":4.7,"user_ratings_total":1742,"gmaps_url":"https://www.google.com/maps/search/?api=1&query=%E7%84%BC%E8%82%89%E3%81%93%E3%81%93%E3%81%8B%E3%82%89%20%E4%B8%AD%E6%B4%B2%E5%BA%97&query_place_id=ChIJ18GldwCRQTURswHjGu9iPco","name_ja":"焼肉ここから 中洲店"}},{"type":"Feature","geometry":{"type":"Point","coordinates":[130.399316,33.591301]},"properties":{"id":"ChIJk_92eaCRQTURkLwn39Nqxh4","name":"和牛一頭燒肉 房家 福岡 ONE 大樓店","category":"restaurant","days":[1,4],"area":"fukuoka","rating":4.7,"user_ratings_total":4208,"gmaps_url":"https://www.google.com/maps/search/?api=1&query=%E5%92%8C%E7%89%9B%E4%B8%80%E9%A0%AD%E7%84%BC%E8%82%89%20%E6%88%BF%E5%AE%B6%20%E7%A6%8F%E5%B2%A1%E3%83%AF%E3%83%B3%E3%83%93%E3%83%AB%E5%BA%97&query_place_id=ChIJk_92eaCRQTURkLwn39Nqxh4","name_ja":"和牛一頭焼肉 房家 福岡ワンビル店"}},{"type":"Feature","geometry":{"type":"Point","coordinates":[130.421708,33.589093]},"properties":{"id":"ChIJS4M3aIGRQTURddgdEtSbwDY","name":"肉壽司與蔬菜捲串 博多Mon 本店","category":"restaurant","days":[1,4],"area":"fukuoka","rating":4.7,"user_ratings_total":3173,"gmaps_url":"https://www.google.com/maps/search/?api=1&query=%E8%82%89%E5%AF%BF%E5%8F%B8%E3%81%A8%E9%87%8E%E8%8F%9C%E5%B7%BB%E3%81%8D%E4%B8%B2%20%E5%8D%9A%E5%A4%9A%E3%82%82%E3%82%93%20%E6%9C%AC%E5%BA%97&query_place_id=ChIJS4M3aIGRQTURddgdEtSbwDY","name_ja":"肉寿司と野菜巻き串 博多もん 本店"}},{"type":"Feature","geometry":{"type":"Point","coordinates":[130.396263,33.588421]},"properties":{"id":"ChIJJSbuYdORQTURFcqm-Q88qgo","name":"元祖番茄拉麵與辛麵 三味(333) 天神大名中心店","category":"restaurant","days":[1,4],"area":"fukuoka","rating":4.6,"user_ratings_total":2939,"gmaps_url":"https://www.google.com/maps/search/?api=1&query=%E5%85%83%E7%A5%96%E3%83%88%E3%83%9E%E3%83%88%E3%83%A9%E3%83%BC%E3%83%A1%E3%83%B3%E3%81%A8%E8%BE%9B%E9%BA%BA%20%E4%B8%89%E5%91%B3%28333%29%20%E5%A4%A9%E7%A5%9E%E5%A4%A7%E5%90%8D%E4%B8%AD%E5%BF%83%E5%BA%97&query_place_id=ChIJJSbuYdORQTURFcqm-Q88qgo","name_ja":"元祖トマトラーメンと辛麺 三味(333) 天神大名中心店"}},{"type":"Feature","geometry":{"type":"Point","coordinates":[130.419405,33.591477]},"properties":{"id":"ChIJZUMnt8eRQTURNnOhXz2lkcI","name":"牛腸鍋田州 博多店","category":"restaurant","days":[1,4],"area":"fukuoka","rating":4.6,"user_ratings_total":1809,"gmaps_url":"https://www.google.com/maps/search/?api=1&query=%E3%82%82%E3%81%A4%E9%8D%8B%20%E7%94%B0%E3%81%97%E3%82%85%E3%81%86%20%E5%8D%9A%E5%A4%9A&query_place_id=ChIJZUMnt8eRQTURNnOhXz2lkcI","name_ja":"もつ鍋 田しゅう 博多"}},{"type":"Feature","geometry":{"type":"Point","coordinates":[130.416589,33.590323]},"properties":{"id":"ChIJYfq2r7iRQTUR5xQFrV7_sFI","name":"牛腸鍋 一藤 博多店","category":"restaurant","days":[1,4],"area":"fukuoka","rating":4.6,"user_ratings_total":3662,"gmaps_url":"https://www.google.com/maps/search/?api=1&query=%E3%82%82%E3%81%A4%E9%8D%8B%20%E4%B8%80%E8%97%A4%20%E5%8D%9A%E5%A4%9A%E5%BA%97&query_place_id=ChIJYfq2r7iRQTUR5xQFrV7_sFI","name_ja":"もつ鍋 一藤 博多店"}},{"type":"Feature","geometry":{"type":"Point","coordinates":[130.424715,33.587526]},"properties":{"id":"ChIJfTianZCRQTURdvIjww8go2U","name":"元祖番茄拉麵 三味 博多車站東店","category":"restaurant","days":[1,4],"area":"fukuoka","rating":4.5,"user_ratings_total":2952,"gmaps_url":"https://www.google.com/maps/search/?api=1&query=%E4%B8%89%E5%91%B3%28333%29%E5%8D%9A%E5%A4%9A%E9%A7%85%E6%9D%B1%E5%BA%97&query_place_id=ChIJfTianZCRQTURdvIjww8go2U","name_ja":"三味(333)博多駅東店"}},{"type":"Feature","geometry":{"type":"Point","coordinates":[130.409712,33.596672]},"properties":{"id":"ChIJaRMgauqRQTURiZ3Aw7HH6pc","name":"博多牛腸鍋大山 總店","category":"restaurant","days":[1,4],"area":"fukuoka","rating":4.5,"user_ratings_total":2975,"gmaps_url":"https://www.google.com/maps/search/?api=1&query=%E5%8D%9A%E5%A4%9A%E3%82%82%E3%81%A4%E9%8D%8B%20%E3%81%8A%E3%81%8A%E3%82%84%E3%81%BE%20%E6%9C%AC%E5%BA%97&query_place_id=ChIJaRMgauqRQTURiZ3Aw7HH6pc","name_ja":"博多もつ鍋 おおやま 本店"}},{"type":"Feature","geometry":{"type":"Point","coordinates":[130.421891,33.586299]},"properties":{"id":"ChIJAQDUd7eRQTURAobtV75ACHk","name":"肉屋肉一 博多店","category":"restaurant","days":[1,4],"area":"fukuoka","rating":4.5,"user_ratings_total":2470,"gmaps_url":"https://www.google.com/maps/search/?api=1&query=%E3%81%AB%E3%81%8F%E5%B1%8B%20%E8%82%89%E3%81%84%E3%81%A1&query_place_id=ChIJAQDUd7eRQTURAobtV75ACHk","name_ja":"にく屋 肉いち"}},{"type":"Feature","geometry":{"type":"Point","coordinates":[130.419729,33.588847]},"properties":{"id":"ChIJSeHzhsiRQTURY0hKFL0M6x0","name":"博多牛腸鍋 大山 KITTE 博多店","category":"restaurant","days":[1,4],"area":"fukuoka","rating":4.4,"user_ratings_total":3308,"gmaps_url":"https://www.google.com/maps/search/?api=1&query=%E5%8D%9A%E5%A4%9A%E3%82%82%E3%81%A4%E9%8D%8B%20%E3%81%8A%E3%81%8A%E3%82%84%E3%81%BE%20KITTE%E5%8D%9A%E5%A4%9A%E5%BA%97&query_place_id=ChIJSeHzhsiRQTURY0hKFL0M6x0","name_ja":"博多もつ鍋 おおやま KITTE博多店"}},{"type":"Feature","geometry":{"type":"Point","coordinates":[130.398685,33.589634]},"properties":{"id":"ChIJp8rFoo-RQTURXgrlDgjG8ho","name":"葫蘆壽司","category":"restaurant","days":[1,4],"area":"fukuoka","rating":4.2,"user_ratings_total":5197,"gmaps_url":"https://www.google.com/maps/search/?api=1&query=%E3%88%B2%E3%81%B2%E3%82%87%E3%81%86%E3%81%9F%E3%82%93&query_place_id=ChIJp8rFoo-RQTURXgrlDgjG8ho","name_ja":"㈲ひょうたん"}},{"type":"Feature","geometry":{"type":"Point","coordinates":[130.421103,33.590963]},"properties":{"id":"ChIJJZ8gdsiRQTURSesMNntag-8","name":"博多拉麵 ShinShin 博多DEITOS店","category":"restaurant","days":[1,4],"area":"fukuoka","rating":4.1,"user_ratings_total":3483,"gmaps_url":"https://www.google.com/maps/search/?api=1&query=%E5%8D%9A%E5%A4%9A%E3%82%89%E3%83%BC%E3%82%81%E3%82%93ShinShin%20%E5%8D%9A%E5%A4%9A%E3%83%87%E3%82%A4%E3%83%88%E3%82%B9%E5%BA%97&query_place_id=ChIJJZ8gdsiRQTURSesMNntag-8","name_ja":"博多らーめんShinShin 博多デイトス店"}},{"type":"Feature","geometry":{"type":"Point","coordinates":[130.417054,33.588218]},"properties":{"id":"ChIJUR_XzPiRQTURld2g_9CGqto","name":"博多一幸舍 博多本店","category":"restaurant","days":[1,4],"area":"fukuoka","rating":4.1,"user_ratings_total":4041,"gmaps_url":"https://www.google.com/maps/search/?api=1&query=%E5%8D%9A%E5%A4%9A%E4%B8%80%E5%B9%B8%E8%88%8E%20%E7%B7%8F%E6%9C%AC%E5%BA%97&query_place_id=ChIJUR_XzPiRQTURld2g_9CGqto","name_ja":"博多一幸舎 総本店"}},{"type":"Feature","geometry":{"type":"Point","coordinates":[130.405611,33.58551]},"properties":{"id":"ChIJQ6S6UgCRQTUR4OSfAWlNJzM","name":"MaxValu Express 渡邊通3丁目店","category":"supermarket","days":[1,4],"area":"fukuoka","rating":4.1,"user_ratings_total":33,"gmaps_url":"https://www.google.com/maps/search/?api=1&query=%E3%83%9E%E3%83%83%E3%82%AF%E3%82%B9%E3%83%90%E3%83%AA%E3%83%A5%E3%82%A8%E3%82%AF%E3%82%B9%E3%83%97%E3%83%AC%E3%82%B9%E6%B8%A1%E8%BE%BA%E9%80%9A3%E4%B8%81%E7%9B%AE%E5%BA%97&query_place_id=ChIJQ6S6UgCRQTUR4OSfAWlNJzM","name_ja":"マックスバリュエクスプレス渡辺通3丁目店"}},{"type":"Feature","geometry":{"type":"Point","coordinates":[130.410965,33.591953]},"properties":{"id":"ChIJB-jXZpWRQTURPnoXmTQvQNU","name":"MaxValu Express 博多祇園店","category":"supermarket","days":[1,4],"area":"fukuoka","rating":4,"user_ratings_total":1940,"gmaps_url":"https://www.google.com/maps/search/?api=1&query=%E3%83%9E%E3%83%83%E3%82%AF%E3%82%B9%E3%83%90%E3%83%AA%E3%83%A5%E3%82%A8%E3%82%AF%E3%82%B9%E3%83%97%E3%83%AC%E3%82%B9%E5%8D%9A%E5%A4%9A%E7%A5%87%E5%9C%92%E5%BA%97&query_place_id=ChIJB-jXZpWRQTURPnoXmTQvQNU","name_ja":"マックスバリュエクスプレス博多祇園店"}},{"type":"Feature","geometry":{"type":"Point","coordinates":[130.401736,33.581602]},"properties":{"id":"ChIJAZJTuJyRQTUR8tfRBi-g2gE","name":"Reganet Marché 藥院","category":"supermarket","days":[1,4],"area":"fukuoka","rating":3.8,"user_ratings_total":517,"gmaps_url":"https://www.google.com/maps/search/?api=1&query=%28%E6%A0%AA%29%E8%A5%BF%E9%89%84%E3%82%B9%E3%83%88%E3%82%A2%20%E3%83%AC%E3%82%AC%E3%83%8D%E3%83%83%E3%83%88%E3%83%9E%E3%83%AB%E3%82%B7%E3%82%A7%E8%96%AC%E9%99%A2&query_place_id=ChIJAZJTuJyRQTUR8tfRBi-g2gE","name_ja":"(株)西鉄ストア レガネットマルシェ薬院"}},{"type":"Feature","geometry":{"type":"Point","coordinates":[130.408929,33.584335]},"properties":{"id":"ChIJW5GHN2uRQTUR2OcuIh-VzmE","name":"業務超市 春吉店","category":"supermarket","days":[1,4],"area":"fukuoka","rating":3.8,"user_ratings_total":307,"gmaps_url":"https://www.google.com/maps/search/?api=1&query=%E6%A5%AD%E5%8B%99%E3%82%B9%E3%83%BC%E3%83%91%E3%83%BC%20%E6%98%A5%E5%90%89%E5%BA%97&query_place_id=ChIJW5GHN2uRQTUR2OcuIh-VzmE","name_ja":"業務スーパー 春吉店"}},{"type":"Feature","geometry":{"type":"Point","coordinates":[130.398834,33.590069]},"properties":{"id":"ChIJ04qgsI-RQTURbdEz8IEX3NM","name":"Reganet 超市 天神","category":"supermarket","days":[1,4],"area":"fukuoka","rating":3.8,"user_ratings_total":669,"gmaps_url":"https://www.google.com/maps/search/?api=1&query=%28%E6%A0%AA%29%E8%A5%BF%E9%89%84%E3%82%B9%E3%83%88%E3%82%A2%20%E3%83%AC%E3%82%AC%E3%83%8D%E3%83%83%E3%83%88%E5%A4%A9%E7%A5%9E&query_place_id=ChIJ04qgsI-RQTURbdEz8IEX3NM","name_ja":"(株)西鉄ストア レガネット天神"}},{"type":"Feature","geometry":{"type":"Point","coordinates":[130.406604,33.594674]},"properties":{"id":"ChIJoQOES-uRQTUR43FcLZxk2yo","name":"Reganet Cute 中洲川端店","category":"supermarket","days":[1,4],"area":"fukuoka","rating":3.8,"user_ratings_total":193,"gmaps_url":"https://www.google.com/maps/search/?api=1&query=%28%E6%A0%AA%29%E8%A5%BF%E9%89%84%E3%82%B9%E3%83%88%E3%82%A2%20%E3%83%AC%E3%82%AC%E3%83%8D%E3%83%83%E3%83%88%E3%82%AD%E3%83%A5%E3%83%BC%E3%83%88%E4%B8%AD%E6%B4%B2%E5%B7%9D%E7%AB%AF%E5%BA%97&query_place_id=ChIJoQOES-uRQTUR43FcLZxk2yo","name_ja":"(株)西鉄ストア レガネットキュート中洲川端店"}},{"type":"Feature","geometry":{"type":"Point","coordinates":[130.406815,33.582124]},"properties":{"id":"ChIJ-542bJmRQTURsacRi9RoDpE","name":"SUNNY 超市 渡邊通店","category":"supermarket","days":[1,4],"area":"fukuoka","rating":3.7,"user_ratings_total":1448,"gmaps_url":"https://www.google.com/maps/search/?api=1&query=%E3%82%B5%E3%83%8B%E3%83%BC%E6%B8%A1%E8%BE%BA%E9%80%9A%E5%BA%97&query_place_id=ChIJ-542bJmRQTURsacRi9RoDpE","name_ja":"サニー渡辺通店"}},{"type":"Feature","geometry":{"type":"Point","coordinates":[130.419559,33.59121]},"properties":{"id":"ChIJw1_MuceRQTURfgRqCIxy35o","name":"Reganet Cute 博多巴士總站店","category":"supermarket","days":[1,4],"area":"fukuoka","rating":3.7,"user_ratings_total":287,"gmaps_url":"https://www.google.com/maps/search/?api=1&query=%28%E6%A0%AA%29%E8%A5%BF%E9%89%84%E3%82%B9%E3%83%88%E3%82%A2%20%E3%83%AC%E3%82%AC%E3%83%8D%E3%83%83%E3%83%88%E3%82%AD%E3%83%A5%E3%83%BC%E3%83%88%E5%8D%9A%E5%A4%9A%E3%83%90%E3%82%B9%E3%82%BF%E3%83%BC%E3%83%9F%E3%83%8A%E3%83%AB%E5%BA%97&query_place_id=ChIJw1_MuceRQTURfgRqCIxy35o","name_ja":"(株)西鉄ストア レガネットキュート博多バスターミナル店"}},{"type":"Feature","geometry":{"type":"Point","coordinates":[130.424268,33.586974]},"properties":{"id":"ChIJmYxEOLaRQTURnJh53H1uID0","name":"Reganet Cute TERASO 店","category":"supermarket","days":[1,4],"area":"fukuoka","rating":3.6,"user_ratings_total":328,"gmaps_url":"https://www.google.com/maps/search/?api=1&query=%E3%83%AC%E3%82%AC%E3%83%8D%E3%83%83%E3%83%88%E3%82%AD%E3%83%A5%E3%83%BC%E3%83%88%20%E3%83%86%E3%83%A9%E3%82%BD%E5%BA%97&query_place_id=ChIJmYxEOLaRQTURnJh53H1uID0","name_ja":"レガネットキュート テラソ店"}},{"type":"Feature","geometry":{"type":"Point","coordinates":[130.708978,32.802244]},"properties":{"id":"ChIJbwF8-tr1QDUR0waLxouzAs0","name":"ABC-MART COCOSA店","category":"clothing","days":[2],"area":"kumamoto","rating":5,"user_ratings_total":5,"gmaps_url":"https://www.google.com/maps/search/?api=1&query=ABC-MART%20COCOSA%E5%BA%97&query_place_id=ChIJbwF8-tr1QDUR0waLxouzAs0","name_ja":"ABC-MART COCOSA店"}},{"type":"Feature","geometry":{"type":"Point","coordinates":[130.688669,32.789005]},"properties":{"id":"ChIJdX-3WS_1QDUR3c8F2PVOjHM","name":"UNIQLO AMU PLAZA 熊本店","category":"clothing","days":[2],"area":"kumamoto","rating":4.1,"user_ratings_total":238,"gmaps_url":"https://www.google.com/maps/search/?api=1&query=%E3%83%A6%E3%83%8B%E3%82%AF%E3%83%AD%20%E3%82%A2%E3%83%9F%E3%83%A5%E3%83%97%E3%83%A9%E3%82%B6%E3%81%8F%E3%81%BE%E3%82%82%E3%81%A8%E5%BA%97&query_place_id=ChIJdX-3WS_1QDUR3c8F2PVOjHM","name_ja":"ユニクロ アミュプラザくまもと店"}},{"type":"Feature","geometry":{"type":"Point","coordinates":[130.71094,32.803461]},"properties":{"id":"ChIJZW2J-wv0QDURnKIH5e5cFCU","name":"ABC-MART Premier Stage 鶴屋百貨New‐S店","category":"clothing","days":[2],"area":"kumamoto","rating":4,"user_ratings_total":14,"gmaps_url":"https://www.google.com/maps/search/?api=1&query=ABC-MART%20%E3%83%97%E3%83%AC%E3%83%9F%E3%82%A2%E3%82%B9%E3%83%86%E3%83%BC%E3%82%B8%20%E9%B6%B4%E5%B1%8BNew%E2%80%90S%E5%BA%97&query_place_id=ChIJZW2J-wv0QDURnKIH5e5cFCU","name_ja":"ABC-MART プレミアステージ 鶴屋New‐S店"}},{"type":"Feature","geometry":{"type":"Point","coordinates":[130.688438,32.788512]},"properties":{"id":"ChIJAVCsfNP1QDURHsgMCSAQfnM","name":"ABC-MART GRAND STAGE AMU PLAZA 熊本店","category":"clothing","days":[2],"area":"kumamoto","rating":3.9,"user_ratings_total":17,"gmaps_url":"https://www.google.com/maps/search/?api=1&query=ABC-MART%20GRAND%20STAGE%20%E3%82%A2%E3%83%9F%E3%83%A5%E3%83%97%E3%83%A9%E3%82%B6%E3%81%8F%E3%81%BE%E3%82%82%E3%81%A8%E5%BA%97&query_place_id=ChIJAVCsfNP1QDURHsgMCSAQfnM","name_ja":"ABC-MART GRAND STAGE アミュプラザくまもと店"}},{"type":"Feature","geometry":{"type":"Point","coordinates":[130.688912,32.788577]},"properties":{"id":"ChIJdZCCQnH1QDURhVGdV744fBg","name":"GU AMU PLAZA 熊本店","category":"clothing","days":[2],"area":"kumamoto","rating":3.6,"user_ratings_total":23,"gmaps_url":"https://www.google.com/maps/search/?api=1&query=%E3%82%B8%E3%83%BC%E3%83%A6%E3%83%BC%20%E3%82%A2%E3%83%9F%E3%83%A5%E3%83%97%E3%83%A9%E3%82%B6%E3%81%8F%E3%81%BE%E3%82%82%E3%81%A8%E5%BA%97&query_place_id=ChIJdZCCQnH1QDURhVGdV744fBg","name_ja":"ジーユー アミュプラザくまもと店"}},{"type":"Feature","geometry":{"type":"Point","coordinates":[130.707677,32.799439]},"properties":{"id":"ChIJl8LYwnL0QDURWoEgOgBPny4","name":"ABC-MART 熊本下通店","category":"clothing","days":[2],"area":"kumamoto","rating":3.5,"user_ratings_total":41,"gmaps_url":"https://www.google.com/maps/search/?api=1&query=ABC-MART%20%E7%86%8A%E6%9C%AC%E4%B8%8B%E9%80%9A%E3%82%8A%E5%BA%97&query_place_id=ChIJl8LYwnL0QDURWoEgOgBPny4","name_ja":"ABC-MART 熊本下通り店"}},{"type":"Feature","geometry":{"type":"Point","coordinates":[130.703635,32.800527]},"properties":{"id":"ChIJpw61IYL1QDUROVzkOanyyog","name":"ABC-MART SAKURAMACHI Kumamoto店","category":"clothing","days":[2],"area":"kumamoto","rating":3.5,"user_ratings_total":20,"gmaps_url":"https://www.google.com/maps/search/?api=1&query=ABC-MART%20SAKURAMACHI%20Kumamoto%E5%BA%97&query_place_id=ChIJpw61IYL1QDUROVzkOanyyog","name_ja":"ABC-MART SAKURAMACHI Kumamoto店"}},{"type":"Feature","geometry":{"type":"Point","coordinates":[130.688761,32.788827]},"properties":{"id":"ChIJa-xlROf1QDUR8TOAxGyFMl8","name":"ABC-MART AMU PLAZA 熊本店","category":"clothing","days":[2],"area":"kumamoto","rating":3.3,"user_ratings_total":8,"gmaps_url":"https://www.google.com/maps/search/?api=1&query=ABC-MART%20%E3%82%A2%E3%83%9F%E3%83%A5%E3%83%97%E3%83%A9%E3%82%B6%E3%81%8F%E3%81%BE%E3%82%82%E3%81%A8%E5%BA%97&query_place_id=ChIJa-xlROf1QDUR8TOAxGyFMl8","name_ja":"ABC-MART アミュプラザくまもと店"}},{"type":"Feature","geometry":{"type":"Point","coordinates":[130.711128,32.805271]},"properties":{"id":"ChIJ_TBeMwn0QDURCqXvg7sFDpM","name":"CocoKara Fine 藥妝 上通店","category":"drugstore","days":[2],"area":"kumamoto","rating":4.5,"user_ratings_total":13,"gmaps_url":"https://www.google.com/maps/search/?api=1&query=%E3%82%B3%E3%82%B3%E3%82%AB%E3%83%A9%E3%83%95%E3%82%A1%E3%82%A4%E3%83%B3%20%E4%B8%8A%E9%80%9A%E5%BA%97&query_place_id=ChIJ_TBeMwn0QDURCqXvg7sFDpM","name_ja":"ココカラファイン 上通店"}},{"type":"Feature","geometry":{"type":"Point","coordinates":[130.710351,32.803458]},"properties":{"id":"ChIJB3BwDwz0QDURdMeEY46cq-M","name":"SunDrug 藥妝 熊本上通店","category":"drugstore","days":[2],"area":"kumamoto","rating":4.1,"user_ratings_total":105,"gmaps_url":"https://www.google.com/maps/search/?api=1&query=%E3%82%B5%E3%83%B3%E3%83%89%E3%83%A9%E3%83%83%E3%82%B0%20%E7%86%8A%E6%9C%AC%E4%B8%8A%E9%80%9A%E3%82%8A%E5%BA%97&query_place_id=ChIJB3BwDwz0QDURdMeEY46cq-M","name_ja":"サンドラッグ 熊本上通り店"}},{"type":"Feature","geometry":{"type":"Point","coordinates":[130.710841,32.804863]},"properties":{"id":"ChIJnwU0Swn0QDURjErd91H5hhg","name":"Drug Eleven 藥妝 上通店","category":"drugstore","days":[2],"area":"kumamoto","rating":4.1,"user_ratings_total":16,"gmaps_url":"https://www.google.com/maps/search/?api=1&query=%E3%83%89%E3%83%A9%E3%83%83%E3%82%B0%E3%82%A4%E3%83%AC%E3%83%96%E3%83%B3%20%E4%B8%8A%E9%80%9A%E3%82%8A%E5%BA%97&query_place_id=ChIJnwU0Swn0QDURjErd91H5hhg","name_ja":"ドラッグイレブン 上通り店"}},{"type":"Feature","geometry":{"type":"Point","coordinates":[130.707169,32.799034]},"properties":{"id":"ChIJjxuV8qv1QDUR51R__pnTskY","name":"大國藥妝 熊本新市街店","category":"drugstore","days":[2],"area":"kumamoto","rating":3.9,"user_ratings_total":57,"gmaps_url":"https://www.google.com/maps/search/?api=1&query=%E3%83%80%E3%82%A4%E3%82%B3%E3%82%AF%E3%83%89%E3%83%A9%E3%83%83%E3%82%B0%E7%86%8A%E6%9C%AC%E6%96%B0%E5%B8%82%E8%A1%97%E5%BA%97&query_place_id=ChIJjxuV8qv1QDUR51R__pnTskY","name_ja":"ダイコクドラッグ熊本新市街店"}},{"type":"Feature","geometry":{"type":"Point","coordinates":[130.708767,32.801285]},"properties":{"id":"ChIJg1t3CzH1QDURkNPJ7YMYitA","name":"CocoKara Fine 藥妝 下通店","category":"drugstore","days":[2],"area":"kumamoto","rating":3.8,"user_ratings_total":23,"gmaps_url":"https://www.google.com/maps/search/?api=1&query=%E3%82%B3%E3%82%B3%E3%82%AB%E3%83%A9%E3%83%95%E3%82%A1%E3%82%A4%E3%83%B3%20%E4%B8%8B%E9%80%9A%E5%BA%97&query_place_id=ChIJg1t3CzH1QDURkNPJ7YMYitA","name_ja":"ココカラファイン 下通店"}},{"type":"Feature","geometry":{"type":"Point","coordinates":[130.710728,32.80355]},"properties":{"id":"ChIJMxXHq571QDUR50dlRU4E1a0","name":"大國藥妝 熊本上通店","category":"drugstore","days":[2],"area":"kumamoto","rating":3.7,"user_ratings_total":12,"gmaps_url":"https://www.google.com/maps/search/?api=1&query=%E3%83%80%E3%82%A4%E3%82%B3%E3%82%AF%E3%83%89%E3%83%A9%E3%83%83%E3%82%B0%E7%86%8A%E6%9C%AC%E4%B8%8A%E9%80%9A%E5%BA%97&query_place_id=ChIJMxXHq571QDUR50dlRU4E1a0","name_ja":"ダイコクドラッグ熊本上通店"}},{"type":"Feature","geometry":{"type":"Point","coordinates":[130.707839,32.799161]},"properties":{"id":"ChIJk9flPE31QDURXenWn5uSW4M","name":"松本清藥妝 熊本下通店","category":"drugstore","days":[2],"area":"kumamoto","rating":3.4,"user_ratings_total":67,"gmaps_url":"https://www.google.com/maps/search/?api=1&query=%E3%83%89%E3%83%A9%E3%83%83%E3%82%B0%E3%82%B9%E3%83%88%E3%82%A2%20%E3%83%9E%E3%83%84%E3%83%A2%E3%83%88%E3%82%AD%E3%83%A8%E3%82%B7%20%E7%86%8A%E6%9C%AC%E4%B8%8B%E9%80%9A%E5%BA%97&query_place_id=ChIJk9flPE31QDURXenWn5uSW4M","name_ja":"ドラッグストア マツモトキヨシ 熊本下通店"}},{"type":"Feature","geometry":{"type":"Point","coordinates":[130.7025,32.800469]},"properties":{"id":"ChIJs0GufhL1QDURx0IsRNnPZ80","name":"松本清藥妝 SAKURA MACHI 熊本店","category":"drugstore","days":[2],"area":"kumamoto","rating":2.9,"user_ratings_total":41,"gmaps_url":"https://www.google.com/maps/search/?api=1&query=%E3%83%89%E3%83%A9%E3%83%83%E3%82%B0%E3%82%B9%E3%83%88%E3%82%A2%20%E3%83%9E%E3%83%84%E3%83%A2%E3%83%88%E3%82%AD%E3%83%A8%E3%82%B7%20%E3%82%B5%E3%82%AF%E3%83%A9%E3%83%9E%E3%83%81%E7%86%8A%E6%9C%AC%E5%BA%97&query_place_id=ChIJs0GufhL1QDURx0IsRNnPZ80","name_ja":"ドラッグストア マツモトキヨシ サクラマチ熊本店"}},{"type":"Feature","geometry":{"type":"Point","coordinates":[130.68797,32.789387]},"properties":{"id":"ChIJPZsPglj0QDUR3MD6cDIQkYQ","name":"Drug Eleven 藥妝 JR 熊本站店","category":"drugstore","days":[2],"area":"kumamoto","rating":2.6,"user_ratings_total":43,"gmaps_url":"https://www.google.com/maps/search/?api=1&query=%E3%83%89%E3%83%A9%E3%83%83%E3%82%B0%E3%82%A4%E3%83%AC%E3%83%96%E3%83%B3%20%EF%BC%AA%EF%BC%B2%E7%86%8A%E6%9C%AC%E9%A7%85%E5%BA%97&query_place_id=ChIJPZsPglj0QDUR3MD6cDIQkYQ","name_ja":"ドラッグイレブン ＪＲ熊本駅店"}},{"type":"Feature","geometry":{"type":"Point","coordinates":[130.68977,32.790984]},"properties":{"id":"ChIJDRXNAaD1QDURSEw5Hs2kFss","name":"BIC CAMERA AMU PLAZA 熊本店","category":"electronics","days":[2],"area":"kumamoto","rating":3.5,"user_ratings_total":281,"gmaps_url":"https://www.google.com/maps/search/?api=1&query=%E3%83%93%E3%83%83%E3%82%AF%E3%82%AB%E3%83%A1%E3%83%A9%20%E3%82%A2%E3%83%9F%E3%83%A5%E3%83%97%E3%83%A9%E3%82%B6%E3%81%8F%E3%81%BE%E3%82%82%E3%81%A8%E5%BA%97&query_place_id=ChIJDRXNAaD1QDURSEw5Hs2kFss","name_ja":"ビックカメラ アミュプラザくまもと店"}},{"type":"Feature","geometry":{"type":"Point","coordinates":[130.699972,32.797644]},"properties":{"id":"ChIJYf9LrNf1QDURfk2zWheZL0Q","name":"大眾酒場 Area55","category":"izakaya","days":[2],"area":"kumamoto","rating":4.9,"user_ratings_total":147,"gmaps_url":"https://www.google.com/maps/search/?api=1&query=%E5%A4%A7%E8%A1%86%E9%85%92%E5%A0%B4%E3%82%A8%E3%83%AA%E3%82%A255&query_place_id=ChIJYf9LrNf1QDURfk2zWheZL0Q","name_ja":"大衆酒場エリア55"}},{"type":"Feature","geometry":{"type":"Point","coordinates":[130.708135,32.799623]},"properties":{"id":"ChIJC7fCYqz1QDURIggbU6g3vlk","name":"居酒屋革命 醉手羽 熊本下通店","category":"izakaya","days":[2],"area":"kumamoto","rating":4.6,"user_ratings_total":1315,"gmaps_url":"https://www.google.com/maps/search/?api=1&query=%E5%B1%85%E9%85%92%E5%B1%8B%E9%9D%A9%E5%91%BD%20%E9%85%94%E3%81%A3%E6%89%8B%E7%BE%BD%20%E7%86%8A%E6%9C%AC%E4%B8%8B%E9%80%9A%E5%BA%97&query_place_id=ChIJC7fCYqz1QDURIggbU6g3vlk","name_ja":"居酒屋革命 酔っ手羽 熊本下通店"}},{"type":"Feature","geometry":{"type":"Point","coordinates":[130.709227,32.801]},"properties":{"id":"ChIJF1F0-Cb1QDURlRPHo7q2N7A","name":"和屋（Nagomiya）","category":"izakaya","days":[2],"area":"kumamoto","rating":4.6,"user_ratings_total":183,"gmaps_url":"https://www.google.com/maps/search/?api=1&query=%E5%92%8C%E3%81%BF%E5%B1%8B&query_place_id=ChIJF1F0-Cb1QDURlRPHo7q2N7A","name_ja":"和み屋"}},{"type":"Feature","geometry":{"type":"Point","coordinates":[130.707663,32.801223]},"properties":{"id":"ChIJVYH1fqD1QDURP5j7sE2xI3s","name":"醉鳥（Yoidori）","category":"izakaya","days":[2],"area":"kumamoto","rating":4.5,"user_ratings_total":150,"gmaps_url":"https://www.google.com/maps/search/?api=1&query=%E3%83%A8%E3%82%A4%E3%83%89%E3%83%AA&query_place_id=ChIJVYH1fqD1QDURP5j7sE2xI3s","name_ja":"ヨイドリ"}},{"type":"Feature","geometry":{"type":"Point","coordinates":[130.709205,32.801027]},"properties":{"id":"ChIJ__8Twwz0QDURRa4RwtaYhZg","name":"炭火雞腿燒居酒屋 Imada屋","category":"izakaya","days":[2],"area":"kumamoto","rating":4.5,"user_ratings_total":131,"gmaps_url":"https://www.google.com/maps/search/?api=1&query=%E7%82%AD%E7%81%AB%E3%83%A2%E3%83%A2%E7%84%BC%E5%B1%85%E9%85%92%E5%B1%8B%20%E3%81%84%E3%81%BE%E3%81%A0%E5%B1%8B&query_place_id=ChIJ__8Twwz0QDURRa4RwtaYhZg","name_ja":"炭火モモ焼居酒屋 いまだ屋"}},{"type":"Feature","geometry":{"type":"Point","coordinates":[130.708378,32.802282]},"properties":{"id":"ChIJQe8RMbD1QDURny5G6io0RWg","name":"包廂居酒屋 藤之屋 別館","category":"izakaya","days":[2],"area":"kumamoto","rating":4.4,"user_ratings_total":435,"gmaps_url":"https://www.google.com/maps/search/?api=1&query=%E5%80%8B%E5%AE%A4%E5%B1%85%E9%85%92%E5%B1%8B%20%E8%97%A4%E3%83%8E%E5%B1%8B%20%E3%81%AF%E3%81%AA%E3%82%8C&query_place_id=ChIJQe8RMbD1QDURny5G6io0RWg","name_ja":"個室居酒屋 藤ノ屋 はなれ"}},{"type":"Feature","geometry":{"type":"Point","coordinates":[130.706418,32.80023]},"properties":{"id":"ChIJYXrCunL0QDURA0-ZxH0X1fg","name":"熊本名物居酒屋 瀨戶","category":"izakaya","days":[2],"area":"kumamoto","rating":4.4,"user_ratings_total":195,"gmaps_url":"https://www.google.com/maps/search/?api=1&query=%E7%86%8A%E6%9C%AC%E5%90%8D%E7%89%A9%E5%B1%85%E9%85%92%E5%B1%8B%20%E7%80%AC%E6%88%B8%EF%BC%88%E3%81%9B%E3%81%A8%EF%BC%89&query_place_id=ChIJYXrCunL0QDURA0-ZxH0X1fg","name_ja":"熊本名物居酒屋 瀬戸（せと）"}},{"type":"Feature","geometry":{"type":"Point","coordinates":[130.712607,32.805925]},"properties":{"id":"ChIJ5xj7lyX1QDURCSuOA-FtxtM","name":"稻草燒酒場 Fire","category":"izakaya","days":[2],"area":"kumamoto","rating":4.4,"user_ratings_total":87,"gmaps_url":"https://www.google.com/maps/search/?api=1&query=%E8%97%81%E7%84%BC%E3%81%8D%E9%85%92%E5%A0%B4%20%E3%83%95%E3%82%A1%E3%82%A4%E3%83%A4%E3%83%BC&query_place_id=ChIJ5xj7lyX1QDURCSuOA-FtxtM","name_ja":"藁焼き酒場 ファイヤー"}},{"type":"Feature","geometry":{"type":"Point","coordinates":[130.707995,32.802328]},"properties":{"id":"ChIJacEbyCj1QDURmn8Go9JaUQE","name":"居酒屋革命 醉手羽 熊本下通2號店","category":"izakaya","days":[2],"area":"kumamoto","rating":4.4,"user_ratings_total":386,"gmaps_url":"https://www.google.com/maps/search/?api=1&query=%E5%B1%85%E9%85%92%E5%B1%8B%E9%9D%A9%E5%91%BD%20%E9%85%94%E3%81%A3%E6%89%8B%E7%BE%BD%20%E7%86%8A%E6%9C%AC%E4%B8%8B%E9%80%9A2%E5%8F%B7%E5%BA%97&query_place_id=ChIJacEbyCj1QDURmn8Go9JaUQE","name_ja":"居酒屋革命 酔っ手羽 熊本下通2号店"}},{"type":"Feature","geometry":{"type":"Point","coordinates":[130.709722,32.802642]},"properties":{"id":"ChIJW_MhNAD1QDURT6Qwa_qc__w","name":"大眾雞肉酒場 Toriichizu 熊本下通店（全包廂）","category":"izakaya","days":[2],"area":"kumamoto","rating":4.3,"user_ratings_total":365,"gmaps_url":"https://www.google.com/maps/search/?api=1&query=%E5%80%8B%E5%AE%A4%E5%AE%8C%E5%82%99%20%E5%A4%A7%E8%A1%86%E3%81%A8%E3%82%8A%E9%85%92%E5%A0%B4%20%E3%81%A8%E3%82%8A%E3%81%84%E3%81%A1%E3%81%9A%20%E7%86%8A%E6%9C%AC%E4%B8%8B%E9%80%9A%E5%BA%97&query_place_id=ChIJW_MhNAD1QDURT6Qwa_qc__w","name_ja":"個室完備 大衆とり酒場 とりいちず 熊本下通店"}},{"type":"Feature","geometry":{"type":"Point","coordinates":[130.707321,32.799591]},"properties":{"id":"ChIJTfuwVST1QDUR039UQ6jA-W4","name":"韓式酒場 Yoiteji","category":"izakaya","days":[2],"area":"kumamoto","rating":4.3,"user_ratings_total":102,"gmaps_url":"https://www.google.com/maps/search/?api=1&query=%E3%82%B5%E3%83%B3%E3%83%91%E3%83%81%E9%85%92%E5%A0%B4%E3%83%A8%E3%82%A4%E3%83%86%E3%82%B8&query_place_id=ChIJTfuwVST1QDUR039UQ6jA-W4","name_ja":"サンパチ酒場ヨイテジ"}},{"type":"Feature","geometry":{"type":"Point","coordinates":[130.708985,32.801145]},"properties":{"id":"ChIJO9PoHPv1QDURcj_SPHWS5x0","name":"烤雞串 偶爾有魚","category":"izakaya","days":[2],"area":"kumamoto","rating":4.3,"user_ratings_total":81,"gmaps_url":"https://www.google.com/maps/search/?api=1&query=%E7%84%BC%E9%B3%A5%20%E3%81%A8%E3%81%8D%E3%81%A9%E3%81%8D%E9%AD%9A&query_place_id=ChIJO9PoHPv1QDURcj_SPHWS5x0","name_ja":"焼鳥 ときどき魚"}},{"type":"Feature","geometry":{"type":"Point","coordinates":[130.71117,32.806182]},"properties":{"id":"ChIJVY7sg_X1QDURcEBIvSqvJmM","name":"大眾酒場 壽（Kotobuki）","category":"izakaya","days":[2],"area":"kumamoto","rating":4.2,"user_ratings_total":163,"gmaps_url":"https://www.google.com/maps/search/?api=1&query=%E5%A4%A7%E8%A1%86%E9%85%92%E5%A0%B4%20%E3%82%B3%E3%83%88%E3%83%96%E3%82%AD&query_place_id=ChIJVY7sg_X1QDURcEBIvSqvJmM","name_ja":"大衆酒場 コトブキ"}},{"type":"Feature","geometry":{"type":"Point","coordinates":[130.70748,32.800705]},"properties":{"id":"ChIJU8zfMw30QDUR6H9edN6N2nc","name":"大眾馬肉酒場 三村 熊本銀座通店","category":"izakaya","days":[2],"area":"kumamoto","rating":4.2,"user_ratings_total":549,"gmaps_url":"https://www.google.com/maps/search/?api=1&query=%E5%A4%A7%E8%A1%86%E9%A6%AC%E8%82%89%E9%85%92%E5%A0%B4%20%E4%B8%89%E6%9D%91%20%E7%86%8A%E6%9C%AC%E9%8A%80%E5%BA%A7%E9%80%9A%E3%82%8A%E5%BA%97&query_place_id=ChIJU8zfMw30QDUR6H9edN6N2nc","name_ja":"大衆馬肉酒場 三村 熊本銀座通り店"}},{"type":"Feature","geometry":{"type":"Point","coordinates":[130.709039,32.803223]},"properties":{"id":"ChIJ_____wz0QDURZeBPsJrMrEg","name":"惣屋 手取本町店","category":"izakaya","days":[2],"area":"kumamoto","rating":4.2,"user_ratings_total":332,"gmaps_url":"https://www.google.com/maps/search/?api=1&query=%E6%83%A3%E3%82%84%20%E6%89%8B%E5%8F%96%E6%9C%AC%E7%94%BA%E5%BA%97&query_place_id=ChIJ_____wz0QDURZeBPsJrMrEg","name_ja":"惣や 手取本町店"}},{"type":"Feature","geometry":{"type":"Point","coordinates":[130.708759,32.801377]},"properties":{"id":"ChIJo3FZEwD1QDURP3lh03f1A2I","name":"大眾海鮮燒酒場 浪小屋 熊本下通店","category":"izakaya","days":[2],"area":"kumamoto","rating":4.1,"user_ratings_total":276,"gmaps_url":"https://www.google.com/maps/search/?api=1&query=%E5%A4%A7%E8%A1%86%E6%B5%9C%E7%84%BC%E3%81%8D%E9%85%92%E5%A0%B4%20%E3%81%AA%E3%81%BF%E5%B0%8F%E5%B1%8B%20%E7%86%8A%E6%9C%AC%E4%B8%8B%E9%80%9A%E5%BA%97&query_place_id=ChIJo3FZEwD1QDURP3lh03f1A2I","name_ja":"大衆浜焼き酒場 なみ小屋 熊本下通店"}},{"type":"Feature","geometry":{"type":"Point","coordinates":[130.7074,32.801876]},"properties":{"id":"ChIJiTe7yrf1QDUR7N2UH8CI2T4","name":"坂上酒場 熊本下通店","category":"izakaya","days":[2],"area":"kumamoto","rating":4.1,"user_ratings_total":102,"gmaps_url":"https://www.google.com/maps/search/?api=1&query=%E5%9D%82%E4%B8%8A%E9%85%92%E5%A0%B4%20%E7%86%8A%E6%9C%AC%E5%B8%82%E4%B8%8B%E9%80%9A%E3%82%8A%E5%BA%97&query_place_id=ChIJiTe7yrf1QDUR7N2UH8CI2T4","name_ja":"坂上酒場 熊本市下通り店"}},{"type":"Feature","geometry":{"type":"Point","coordinates":[130.708328,32.801989]},"properties":{"id":"ChIJyzslHQ30QDURFFTwEZpxP34","name":"雞鐵 熊本下通店","category":"izakaya","days":[2],"area":"kumamoto","rating":4.1,"user_ratings_total":306,"gmaps_url":"https://www.google.com/maps/search/?api=1&query=%E3%81%A8%E3%82%8A%E9%89%84%20%E7%86%8A%E6%9C%AC%E4%B8%8B%E9%80%9A%E5%BA%97&query_place_id=ChIJyzslHQ30QDURFFTwEZpxP34","name_ja":"とり鉄 熊本下通店"}},{"type":"Feature","geometry":{"type":"Point","coordinates":[130.70663,32.800246]},"properties":{"id":"ChIJO_2Rs3L0QDURjDQk18tpB3M","name":"酒與飯 RIKI","category":"izakaya","days":[2],"area":"kumamoto","rating":4.1,"user_ratings_total":148,"gmaps_url":"https://www.google.com/maps/search/?api=1&query=%E9%85%92%E3%81%A8%E3%82%81%E3%81%97%20RIKI%EF%BC%88%E3%83%AA%E3%82%AD%EF%BC%89&query_place_id=ChIJO_2Rs3L0QDURjDQk18tpB3M","name_ja":"酒とめし RIKI（リキ）"}},{"type":"Feature","geometry":{"type":"Point","coordinates":[130.705797,32.799537]},"properties":{"id":"ChIJH_qfRPn1QDURvomEeUGCirw","name":"大眾酒場 雲雀 Parlor","category":"izakaya","days":[2],"area":"kumamoto","rating":4,"user_ratings_total":333,"gmaps_url":"https://www.google.com/maps/search/?api=1&query=%E5%A4%A7%E8%A1%86%E9%85%92%E5%A0%B4%20%E3%83%91%E3%83%BC%E3%83%A9%E3%83%BC%E3%83%92%E3%83%90%E3%83%AA&query_place_id=ChIJH_qfRPn1QDURvomEeUGCirw","name_ja":"大衆酒場 パーラーヒバリ"}},{"type":"Feature","geometry":{"type":"Point","coordinates":[130.706129,32.799327]},"properties":{"id":"ChIJn_YUm3L0QDURqGSsJe24nxg","name":"祭酒場 一球（馬肉生魚片・鄉土料理）","category":"izakaya","days":[2],"area":"kumamoto","rating":4,"user_ratings_total":166,"gmaps_url":"https://www.google.com/maps/search/?api=1&query=%E3%81%BE%E3%81%A4%E3%82%8A%E9%85%92%E5%A0%B4%20%E4%B8%80%E7%90%83&query_place_id=ChIJn_YUm3L0QDURqGSsJe24nxg","name_ja":"まつり酒場 一球"}},{"type":"Feature","geometry":{"type":"Point","coordinates":[130.708806,32.802262]},"properties":{"id":"ChIJyUkaWAz0QDURKLS97xRQlDE","name":"無印良品 COCOSA熊本下通","category":"lifestyle","days":[2],"area":"kumamoto","rating":4.1,"user_ratings_total":811,"gmaps_url":"https://www.google.com/maps/search/?api=1&query=%E7%84%A1%E5%8D%B0%E8%89%AF%E5%93%81%20COCOSA%E7%86%8A%E6%9C%AC%E4%B8%8B%E9%80%9A&query_place_id=ChIJyUkaWAz0QDURKLS97xRQlDE","name_ja":"無印良品 COCOSA熊本下通"}},{"type":"Feature","geometry":{"type":"Point","coordinates":[130.710724,32.80336]},"properties":{"id":"ChIJA5dBHQf1QDURnkFyXgajJW4","name":"3COINS+plus熊本鶴屋百貨New-S店","category":"lifestyle","days":[2],"area":"kumamoto","rating":3.9,"user_ratings_total":25,"gmaps_url":"https://www.google.com/maps/search/?api=1&query=3COINS%2Bplus%E7%86%8A%E6%9C%AC%E9%B6%B4%E5%B1%8BNew-S%E5%BA%97&query_place_id=ChIJA5dBHQf1QDURnkFyXgajJW4","name_ja":"3COINS+plus熊本鶴屋New-S店"}},{"type":"Feature","geometry":{"type":"Point","coordinates":[130.7032,32.800859]},"properties":{"id":"ChIJsWfi-pz1QDURg6A64H75Ykk","name":"大創 DAISO SAKURA MACHI Kumamoto店","category":"lifestyle","days":[2],"area":"kumamoto","rating":3.8,"user_ratings_total":244,"gmaps_url":"https://www.google.com/maps/search/?api=1&query=%E3%83%80%E3%82%A4%E3%82%BD%E3%83%BC%20SAKURA%20MACHI%20Kumamoto%E5%BA%97&query_place_id=ChIJsWfi-pz1QDURg6A64H75Ykk","name_ja":"ダイソー SAKURA MACHI Kumamoto店"}},{"type":"Feature","geometry":{"type":"Point","coordinates":[130.712036,32.802174]},"properties":{"id":"ChIJl7OqlQv0QDURi2erpeIsD5w","name":"HANDS 熊本店","category":"lifestyle","days":[2],"area":"kumamoto","rating":3.8,"user_ratings_total":317,"gmaps_url":"https://www.google.com/maps/search/?api=1&query=%E3%83%8F%E3%83%B3%E3%82%BA%20%E7%86%8A%E6%9C%AC%E5%BA%97&query_place_id=ChIJl7OqlQv0QDURi2erpeIsD5w","name_ja":"ハンズ 熊本店"}},{"type":"Feature","geometry":{"type":"Point","coordinates":[130.710038,32.802134]},"properties":{"id":"ChIJNT9jYwz0QDURDqjcUYr2md8","name":"大創 DAISO 熊本駕町通店","category":"lifestyle","days":[2],"area":"kumamoto","rating":3.8,"user_ratings_total":665,"gmaps_url":"https://www.google.com/maps/search/?api=1&query=%E3%83%80%E3%82%A4%E3%82%BD%E3%83%BC%20%E7%86%8A%E6%9C%AC%E9%A7%95%E7%94%BA%E9%80%9A%E3%82%8A%E5%BA%97&query_place_id=ChIJNT9jYwz0QDURDqjcUYr2md8","name_ja":"ダイソー 熊本駕町通り店"}},{"type":"Feature","geometry":{"type":"Point","coordinates":[130.708787,32.802483]},"properties":{"id":"ChIJ3TCk7fj1QDURPi5JDh-p440","name":"Seria COCOSA店","category":"lifestyle","days":[2],"area":"kumamoto","rating":3.8,"user_ratings_total":99,"gmaps_url":"https://www.google.com/maps/search/?api=1&query=Seria%20%EF%BC%A3%EF%BC%AF%EF%BC%A3%EF%BC%AF%EF%BC%B3%EF%BC%A1%E5%BA%97&query_place_id=ChIJ3TCk7fj1QDURPi5JDh-p440","name_ja":"Seria ＣＯＣＯＳＡ店"}},{"type":"Feature","geometry":{"type":"Point","coordinates":[130.688997,32.789125]},"properties":{"id":"ChIJSfTtA-v1QDUR8uoU4mLrvo4","name":"HANDS BE AMU PLAZA 熊本店","category":"lifestyle","days":[2],"area":"kumamoto","rating":3.6,"user_ratings_total":53,"gmaps_url":"https://www.google.com/maps/search/?api=1&query=%E3%83%8F%E3%83%B3%E3%82%BA%20%E3%83%93%E3%83%BC%20%E3%82%A2%E3%83%9F%E3%83%A5%E3%83%97%E3%83%A9%E3%82%B6%E3%81%8F%E3%81%BE%E3%82%82%E3%81%A8%E5%BA%97&query_place_id=ChIJSfTtA-v1QDUR8uoU4mLrvo4","name_ja":"ハンズ ビー アミュプラザくまもと店"}},{"type":"Feature","geometry":{"type":"Point","coordinates":[130.708974,32.801557]},"properties":{"id":"ChIJ-WQZhfv1QDURqf-zxXfzHhQ","name":"唐吉訶德 下通店","category":"lifestyle","days":[2],"area":"kumamoto","rating":3.6,"user_ratings_total":1244,"gmaps_url":"https://www.google.com/maps/search/?api=1&query=%E3%83%89%E3%83%B3%E3%83%BB%E3%82%AD%E3%83%9B%E3%83%BC%E3%83%86%20%E4%B8%8B%E9%80%9A%E3%82%8A%E5%BA%97&query_place_id=ChIJ-WQZhfv1QDURqf-zxXfzHhQ","name_ja":"ドン・キホーテ 下通り店"}},{"type":"Feature","geometry":{"type":"Point","coordinates":[130.709399,32.802681]},"properties":{"id":"ChIJ8cNVWwz0QDUR_g7M6x8Lsmg","name":"animate 熊本","category":"otaku","days":[2],"area":"kumamoto","rating":4.1,"user_ratings_total":755,"gmaps_url":"https://www.google.com/maps/search/?api=1&query=%E3%82%A2%E3%83%8B%E3%83%A1%E3%82%A4%E3%83%88%E7%86%8A%E6%9C%AC&query_place_id=ChIJ8cNVWwz0QDUR_g7M6x8Lsmg","name_ja":"アニメイト熊本"}},{"type":"Feature","geometry":{"type":"Point","coordinates":[130.710035,32.802112]},"properties":{"id":"ChIJP-DkRwD1QDURekAHhP_dZHc","name":"Melonbooks 熊本店","category":"otaku","days":[2],"area":"kumamoto","rating":4,"user_ratings_total":43,"gmaps_url":"https://www.google.com/maps/search/?api=1&query=%E3%83%A1%E3%83%AD%E3%83%B3%E3%83%96%E3%83%83%E3%82%AF%E3%82%B9%20%E7%86%8A%E6%9C%AC%E5%BA%97&query_place_id=ChIJP-DkRwD1QDURekAHhP_dZHc","name_ja":"メロンブックス 熊本店"}},{"type":"Feature","geometry":{"type":"Point","coordinates":[130.709401,32.802728]},"properties":{"id":"ChIJ_6veQgz0QDURCBtcsPOcYhI","name":"Lashinbang 熊本店","category":"otaku","days":[2],"area":"kumamoto","rating":3.9,"user_ratings_total":131,"gmaps_url":"https://www.google.com/maps/search/?api=1&query=%E3%82%89%E3%81%97%E3%82%93%E3%81%B0%E3%82%93%E7%86%8A%E6%9C%AC%E5%BA%97&query_place_id=ChIJ_6veQgz0QDURCBtcsPOcYhI","name_ja":"らしんばん熊本店"}},{"type":"Feature","geometry":{"type":"Point","coordinates":[130.708509,32.801515]},"properties":{"id":"ChIJifvcE4v1QDURQ_lZei9eMes","name":"和牛 Taka「空」下通店","category":"restaurant","days":[2],"area":"kumamoto","rating":4.9,"user_ratings_total":419,"gmaps_url":"https://www.google.com/maps/search/?api=1&query=%E5%92%8C%E7%89%9B%E3%81%AE%E3%81%9F%E3%81%8B%20%E7%A9%BA%20%E4%B8%8B%E9%80%9A%E5%BA%97&query_place_id=ChIJifvcE4v1QDURQ_lZei9eMes","name_ja":"和牛のたか 空 下通店"}},{"type":"Feature","geometry":{"type":"Point","coordinates":[130.713146,32.807168]},"properties":{"id":"ChIJ3_82hgj0QDUR5J5LAs4SNsg","name":"炭火燒肉 Nikutarashi 熊本上乃裏店","category":"restaurant","days":[2],"area":"kumamoto","rating":4.8,"user_ratings_total":2219,"gmaps_url":"https://www.google.com/maps/search/?api=1&query=%E7%82%AD%E7%81%AB%E7%84%BC%E8%82%89%20%E3%81%AB%E3%81%8F%E3%81%9F%E3%82%89%E3%81%97%20%E7%86%8A%E6%9C%AC%E4%B8%8A%E4%B9%83%E8%A3%8F%E5%BA%97&query_place_id=ChIJ3_82hgj0QDUR5J5LAs4SNsg","name_ja":"炭火焼肉 にくたらし 熊本上乃裏店"}},{"type":"Feature","geometry":{"type":"Point","coordinates":[130.706647,32.799415]},"properties":{"id":"ChIJUZNjAL71QDURiSj0ipR-O2Q","name":"燒肉 和牛 Taka 新市街店","category":"restaurant","days":[2],"area":"kumamoto","rating":4.8,"user_ratings_total":440,"gmaps_url":"https://www.google.com/maps/search/?api=1&query=%E7%84%BC%E8%82%89%20%E5%92%8C%E7%89%9B%E3%81%AE%E3%81%9F%E3%81%8B%20%E6%96%B0%E5%B8%82%E8%A1%97%E5%BA%97&query_place_id=ChIJUZNjAL71QDURiSj0ipR-O2Q","name_ja":"焼肉 和牛のたか 新市街店"}},{"type":"Feature","geometry":{"type":"Point","coordinates":[130.706586,32.800165]},"properties":{"id":"ChIJAQBJunL0QDURtczZYcxeWUM","name":"牛腸鍋 田州 熊本下通店","category":"restaurant","days":[2],"area":"kumamoto","rating":4.7,"user_ratings_total":1348,"gmaps_url":"https://www.google.com/maps/search/?api=1&query=%E3%82%82%E3%81%A4%E9%8D%8B%20%E7%94%B0%E3%81%97%E3%82%85%E3%81%86%20%E7%86%8A%E6%9C%AC%E4%B8%8B%E9%80%9A%E5%BA%97&query_place_id=ChIJAQBJunL0QDURtczZYcxeWUM","name_ja":"もつ鍋 田しゅう 熊本下通店"}},{"type":"Feature","geometry":{"type":"Point","coordinates":[130.688993,32.788915]},"properties":{"id":"ChIJDzOdeKL1QDUR4pt4ihVqkQw","name":"和牛燒肉 LIEBE AMU PLAZA 熊本店","category":"restaurant","days":[2],"area":"kumamoto","rating":4.7,"user_ratings_total":1537,"gmaps_url":"https://www.google.com/maps/search/?api=1&query=%E5%92%8C%E7%89%9B%E7%84%BC%E8%82%89LIEBE%20%E3%82%A2%E3%83%9F%E3%83%A5%E3%83%97%E3%83%A9%E3%82%B6%E3%81%8F%E3%81%BE%E3%82%82%E3%81%A8%E5%BA%97&query_place_id=ChIJDzOdeKL1QDUR4pt4ihVqkQw","name_ja":"和牛焼肉LIEBE アミュプラザくまもと店"}},{"type":"Feature","geometry":{"type":"Point","coordinates":[130.70781,32.799249]},"properties":{"id":"ChIJVVWR3XL0QDUR0bkkMRxj_Xs","name":"馬肉生魚片鄉土居酒屋 Oshoushina","category":"restaurant","days":[2],"area":"kumamoto","rating":4.6,"user_ratings_total":380,"gmaps_url":"https://www.google.com/maps/search/?api=1&query=%E9%A6%AC%E5%88%BA%E3%81%97%E9%83%B7%E5%9C%9F%E5%B1%85%E9%85%92%E5%B1%8B%E3%81%8A%E3%81%97%E3%82%87%E3%81%86%E3%81%97%E3%81%AA%E3%80%9C%E7%89%B9%E9%85%92%E3%81%B6%E3%81%9F%E5%B1%85&query_place_id=ChIJVVWR3XL0QDUR0bkkMRxj_Xs","name_ja":"馬刺し郷土居酒屋おしょうしな〜特酒ぶた居"}},{"type":"Feature","geometry":{"type":"Point","coordinates":[130.707924,32.799359]},"properties":{"id":"ChIJy4DSjiz1QDURREv5aBeDCWo","name":"濃厚雞白湯 Iwao","category":"restaurant","days":[2],"area":"kumamoto","rating":4.5,"user_ratings_total":499,"gmaps_url":"https://www.google.com/maps/search/?api=1&query=%E6%BF%83%E5%8E%9A%E9%B6%8F%E7%99%BD%E6%B9%AF%E3%81%84%E3%82%8F%E3%81%8A&query_place_id=ChIJy4DSjiz1QDURREv5aBeDCWo","name_ja":"濃厚鶏白湯いわお"}},{"type":"Feature","geometry":{"type":"Point","coordinates":[130.706774,32.799389]},"properties":{"id":"ChIJBwuvlXL0QDUR_RQwNynmvZk","name":"人生是旅程（Life is Journey）","category":"restaurant","days":[2],"area":"kumamoto","rating":4.5,"user_ratings_total":608,"gmaps_url":"https://www.google.com/maps/search/?api=1&query=%E3%83%A9%E3%82%A4%E3%83%95%E3%82%A4%E3%82%BA%E3%82%B8%E3%83%A3%E3%83%BC%E3%83%8B%E3%83%BC&query_place_id=ChIJBwuvlXL0QDUR_RQwNynmvZk","name_ja":"ライフイズジャーニー"}},{"type":"Feature","geometry":{"type":"Point","coordinates":[130.707124,32.800697]},"properties":{"id":"ChIJ8QMSLA30QDURS58RWidtb9c","name":"菅乃屋（馬肉料理）銀座通店","category":"restaurant","days":[2],"area":"kumamoto","rating":4.5,"user_ratings_total":1152,"gmaps_url":"https://www.google.com/maps/search/?api=1&query=%E8%8F%85%E4%B9%83%E5%B1%8B%20%E9%8A%80%E5%BA%A7%E9%80%9A%E3%82%8A%E5%BA%97&query_place_id=ChIJ8QMSLA30QDURS58RWidtb9c","name_ja":"菅乃屋 銀座通り店"}},{"type":"Feature","geometry":{"type":"Point","coordinates":[130.707638,32.800459]},"properties":{"id":"ChIJ61gpbTf1QDURTWjc5Q3j4GM","name":"韓 TARASHI 新式燒肉酒場 熊本下通店","category":"restaurant","days":[2],"area":"kumamoto","rating":4.5,"user_ratings_total":524,"gmaps_url":"https://www.google.com/maps/search/?api=1&query=%E9%9F%93TARASHI%20-%E3%83%8D%E3%82%AA%E7%84%BC%E8%82%89%E9%85%92%E5%A0%B4-%20%E7%86%8A%E6%9C%AC%E4%B8%8B%E9%80%9A%E5%BA%97&query_place_id=ChIJ61gpbTf1QDURTWjc5Q3j4GM","name_ja":"韓TARASHI -ネオ焼肉酒場- 熊本下通店"}},{"type":"Feature","geometry":{"type":"Point","coordinates":[130.688883,32.788863]},"properties":{"id":"ChIJCV3vIu31QDUROgMmix2GKZ0","name":"迴轉壽司 Mekkemon AMU PLAZA 熊本店","category":"restaurant","days":[2],"area":"kumamoto","rating":4.5,"user_ratings_total":728,"gmaps_url":"https://www.google.com/maps/search/?api=1&query=%E5%BB%BB%E3%82%8B%E5%AF%BF%E5%8F%B8%E3%82%81%E3%81%A3%E3%81%91%E3%82%82%E3%82%93%20%E3%82%A2%E3%83%9F%E3%83%A5%E3%83%97%E3%83%A9%E3%82%B6%E3%81%8F%E3%81%BE%E3%82%82%E3%81%A8%E5%BA%97&query_place_id=ChIJCV3vIu31QDUROgMmix2GKZ0","name_ja":"廻る寿司めっけもん アミュプラザくまもと店"}},{"type":"Feature","geometry":{"type":"Point","coordinates":[130.708688,32.80036]},"properties":{"id":"ChIJ1bkowQL1QDURkZfJg3JT0ic","name":"熊本劇場","category":"restaurant","days":[2],"area":"kumamoto","rating":4.4,"user_ratings_total":1946,"gmaps_url":"https://www.google.com/maps/search/?api=1&query=%E3%81%8F%E3%81%BE%E3%82%82%E3%81%A8%E5%8A%87%E5%A0%B4&query_place_id=ChIJ1bkowQL1QDURkZfJg3JT0ic","name_ja":"くまもと劇場"}},{"type":"Feature","geometry":{"type":"Point","coordinates":[130.708688,32.80036]},"properties":{"id":"ChIJFb_F_IX1QDURKIWj3aYuQzE","name":"包廂居酒屋 和之音 熊本下通銀座通店","category":"restaurant","days":[2],"area":"kumamoto","rating":4.4,"user_ratings_total":608,"gmaps_url":"https://www.google.com/maps/search/?api=1&query=%E5%80%8B%E5%AE%A4%E5%B1%85%E9%85%92%E5%B1%8B%20%E5%92%8C%E3%83%8E%E9%9F%B3%20%E7%86%8A%E6%9C%AC%E4%B8%8B%E9%80%9A%E3%82%8A%20%E9%8A%80%E5%BA%A7%E9%80%9A%E3%82%8A%E5%BA%97&query_place_id=ChIJFb_F_IX1QDURKIWj3aYuQzE","name_ja":"個室居酒屋 和ノ音 熊本下通り 銀座通り店"}},{"type":"Feature","geometry":{"type":"Point","coordinates":[130.707513,32.799071]},"properties":{"id":"ChIJ70_-ur71QDURl8wq7CGlrtc","name":"海鮮與關東煮吃喝到飽 推薦屋 熊本下通店","category":"restaurant","days":[2],"area":"kumamoto","rating":4.4,"user_ratings_total":994,"gmaps_url":"https://www.google.com/maps/search/?api=1&query=%E6%B5%B7%E9%AE%AE%E3%81%A8%E3%81%8A%E3%81%A7%E3%82%93%20%E9%A3%9F%E3%81%B9%E9%A3%B2%E3%81%BF%E6%94%BE%E9%A1%8C%20%E3%81%8A%E3%81%99%E3%81%99%E3%82%81%E5%B1%8B%20%E7%86%8A%E6%9C%AC%E4%B8%8B%E9%80%9A%E5%BA%97&query_place_id=ChIJ70_-ur71QDURl8wq7CGlrtc","name_ja":"海鮮とおでん 食べ飲み放題 おすすめ屋 熊本下通店"}},{"type":"Feature","geometry":{"type":"Point","coordinates":[130.705897,32.799885]},"properties":{"id":"ChIJka4roHL0QDURkhnW_YGNPWY","name":"相撲壽司 大砲部屋","category":"restaurant","days":[2],"area":"kumamoto","rating":4.4,"user_ratings_total":482,"gmaps_url":"https://www.google.com/maps/search/?api=1&query=%E7%9B%B8%E6%92%B2%E5%AF%BF%E5%8F%B8%20%E5%A4%A7%E7%A0%B2%E9%83%A8%E5%B1%8B&query_place_id=ChIJka4roHL0QDURkhnW_YGNPWY","name_ja":"相撲寿司 大砲部屋"}},{"type":"Feature","geometry":{"type":"Point","coordinates":[130.702111,32.798607]},"properties":{"id":"ChIJSeJXPGz0QDURhp_lRDZ1oxg","name":"秀醬拉麵","category":"restaurant","days":[2],"area":"kumamoto","rating":4.3,"user_ratings_total":592,"gmaps_url":"https://www.google.com/maps/search/?api=1&query=%E7%A7%80%E3%81%A1%E3%82%83%E3%82%93%E3%83%A9%E3%83%BC%E3%83%A1%E3%83%B3&query_place_id=ChIJSeJXPGz0QDURhp_lRDZ1oxg","name_ja":"秀ちゃんラーメン"}},{"type":"Feature","geometry":{"type":"Point","coordinates":[130.706568,32.800253]},"properties":{"id":"ChIJq6p2unL0QDURmAW7HHLDRec","name":"拉麵屋 Yoshitomo 榮通店","category":"restaurant","days":[2],"area":"kumamoto","rating":4.3,"user_ratings_total":539,"gmaps_url":"https://www.google.com/maps/search/?api=1&query=%E3%82%89%E3%83%BC%E3%82%81%E3%82%93%E5%B1%8B%20%E3%82%88%E3%81%97%E3%81%A8%E3%82%82%20%E6%A0%84%E9%80%9A%E3%82%8A%E5%BA%97&query_place_id=ChIJq6p2unL0QDURmAW7HHLDRec","name_ja":"らーめん屋 よしとも 栄通り店"}},{"type":"Feature","geometry":{"type":"Point","coordinates":[130.712767,32.806443]},"properties":{"id":"ChIJ7RVr8gj0QDUREQ0daEd6RZs","name":"YOKOBACHI 居酒屋","category":"restaurant","days":[2],"area":"kumamoto","rating":4.3,"user_ratings_total":642,"gmaps_url":"https://www.google.com/maps/search/?api=1&query=YOKOBACHI&query_place_id=ChIJ7RVr8gj0QDUREQ0daEd6RZs","name_ja":"YOKOBACHI"}},{"type":"Feature","geometry":{"type":"Point","coordinates":[130.708361,32.802101]},"properties":{"id":"ChIJf3jB_Qz0QDUREQ1RfB6j-4Q","name":"鄉土料理 青柳本店","category":"restaurant","days":[2],"area":"kumamoto","rating":4.3,"user_ratings_total":808,"gmaps_url":"https://www.google.com/maps/search/?api=1&query=%E7%86%8A%E6%9C%AC%E9%83%B7%E5%9C%9F%E6%96%99%E7%90%86%20%E9%9D%92%E6%9F%B3&query_place_id=ChIJf3jB_Qz0QDUREQ1RfB6j-4Q","name_ja":"熊本郷土料理 青柳"}},{"type":"Feature","geometry":{"type":"Point","coordinates":[130.706014,32.800789]},"properties":{"id":"ChIJuaYGrHL0QDURFxYanQYtM2k","name":"六五郎","category":"restaurant","days":[2],"area":"kumamoto","rating":4.3,"user_ratings_total":756,"gmaps_url":"https://www.google.com/maps/search/?api=1&query=%E3%82%80%E3%81%A4%E4%BA%94%E9%83%8E&query_place_id=ChIJuaYGrHL0QDURFxYanQYtM2k","name_ja":"むつ五郎"}},{"type":"Feature","geometry":{"type":"Point","coordinates":[130.688362,32.790088]},"properties":{"id":"ChIJg5mYhlj0QDURbWW_Z0Hpuuk","name":"天草 HERO 壽司 牛深丸 熊本站店","category":"restaurant","days":[2],"area":"kumamoto","rating":4.3,"user_ratings_total":778,"gmaps_url":"https://www.google.com/maps/search/?api=1&query=%E5%A4%A9%E8%8D%89HERO%E9%AE%A8%20%E7%89%9B%E6%B7%B1%E4%B8%B8%20%E7%86%8A%E6%9C%AC%E9%A7%85%E5%BA%97&query_place_id=ChIJg5mYhlj0QDURbWW_Z0Hpuuk","name_ja":"天草HERO鮨 牛深丸 熊本駅店"}},{"type":"Feature","geometry":{"type":"Point","coordinates":[130.708393,32.79859]},"properties":{"id":"ChIJI8ODHXP0QDURNJgddOY8RG8","name":"拉麵 龍之家 華盛頓通店","category":"restaurant","days":[2],"area":"kumamoto","rating":4.2,"user_ratings_total":914,"gmaps_url":"https://www.google.com/maps/search/?api=1&query=%E3%83%A9%E3%83%BC%E3%83%A1%E3%83%B3%E9%BE%8D%E3%81%AE%E5%AE%B6%20%E3%83%AF%E3%82%B7%E3%83%B3%E3%83%88%E3%83%B3%E9%80%9A%E3%82%8A%E5%BA%97&query_place_id=ChIJI8ODHXP0QDURNJgddOY8RG8","name_ja":"ラーメン龍の家 ワシントン通り店"}},{"type":"Feature","geometry":{"type":"Point","coordinates":[130.712192,32.804869]},"properties":{"id":"ChIJmyPPPwn0QDURhbidv9FZQGA","name":"拉麵赤組 上通店","category":"restaurant","days":[2],"area":"kumamoto","rating":4.2,"user_ratings_total":2473,"gmaps_url":"https://www.google.com/maps/search/?api=1&query=%E3%83%A9%E3%83%BC%E3%83%A1%E3%83%B3%E8%B5%A4%E7%B5%84%20%E4%B8%8A%E9%80%9A%E5%BA%97&query_place_id=ChIJmyPPPwn0QDURhbidv9FZQGA","name_ja":"ラーメン赤組 上通店"}},{"type":"Feature","geometry":{"type":"Point","coordinates":[130.70373,32.800371]},"properties":{"id":"ChIJk2Kl_JP1QDURAjh6IDPWc7Q","name":"天草 牛深丸（壽司）SAKURA MACHI 店","category":"restaurant","days":[2],"area":"kumamoto","rating":4.2,"user_ratings_total":1055,"gmaps_url":"https://www.google.com/maps/search/?api=1&query=%E5%A4%A9%E8%8D%89%20%E7%89%9B%E6%B7%B1%E4%B8%B8%20SAKURA%20MACHI%E5%BA%97&query_place_id=ChIJk2Kl_JP1QDURAjh6IDPWc7Q","name_ja":"天草 牛深丸 SAKURA MACHI店"}},{"type":"Feature","geometry":{"type":"Point","coordinates":[130.708688,32.80036]},"properties":{"id":"ChIJpX3LxAz0QDURnEGy7d9PzjI","name":"一蘭 熊本下通店","category":"restaurant","days":[2],"area":"kumamoto","rating":4.1,"user_ratings_total":1669,"gmaps_url":"https://www.google.com/maps/search/?api=1&query=%E4%B8%80%E8%98%AD%20%E7%86%8A%E6%9C%AC%E4%B8%8B%E9%80%9A%E5%BA%97&query_place_id=ChIJpX3LxAz0QDURnEGy7d9PzjI","name_ja":"一蘭 熊本下通店"}},{"type":"Feature","geometry":{"type":"Point","coordinates":[130.70534,32.799337]},"properties":{"id":"ChIJ61PHe230QDURRJh60JQhGpI","name":"熊本鄉土料理包廂居酒屋 惠比壽屋 熊本新市街店","category":"restaurant","days":[2],"area":"kumamoto","rating":4.1,"user_ratings_total":1217,"gmaps_url":"https://www.google.com/maps/search/?api=1&query=%E7%86%8A%E6%9C%AC%E9%83%B7%E5%9C%9F%E6%96%99%E7%90%86%20%E5%80%8B%E5%AE%A4%E5%B1%85%E9%85%92%E5%B1%8B%20%E3%81%88%E3%81%B3%E3%81%99%E3%82%84%20%E7%86%8A%E6%9C%AC%E6%96%B0%E5%B8%82%E8%A1%97%E5%BA%97&query_place_id=ChIJ61PHe230QDURRJh60JQhGpI","name_ja":"熊本郷土料理 個室居酒屋 えびすや 熊本新市街店"}},{"type":"Feature","geometry":{"type":"Point","coordinates":[130.707448,32.801828]},"properties":{"id":"ChIJDwJkFg30QDUR6MhVy7e24wk","name":"熊本拉麵 桂花 本店","category":"restaurant","days":[2],"area":"kumamoto","rating":4,"user_ratings_total":2874,"gmaps_url":"https://www.google.com/maps/search/?api=1&query=%E7%86%8A%E6%9C%AC%E3%83%A9%E3%83%BC%E3%83%A1%E3%83%B3%20%E6%A1%82%E8%8A%B1%E6%9C%AC%E5%BA%97&query_place_id=ChIJDwJkFg30QDUR6MhVy7e24wk","name_ja":"熊本ラーメン 桂花本店"}},{"type":"Feature","geometry":{"type":"Point","coordinates":[130.711377,32.806109]},"properties":{"id":"ChIJZ9rt1wj0QDUR7FfaYVo6MOI","name":"紫（Komurasaki）拉麵 上通中央店","category":"restaurant","days":[2],"area":"kumamoto","rating":4,"user_ratings_total":1235,"gmaps_url":"https://www.google.com/maps/search/?api=1&query=%E3%81%93%E3%82%80%E3%82%89%E3%81%95%E3%81%8D%20%E4%B8%8A%E9%80%9A%E4%B8%AD%E5%A4%AE%E5%BA%97&query_place_id=ChIJZ9rt1wj0QDUR7FfaYVo6MOI","name_ja":"こむらさき 上通中央店"}},{"type":"Feature","geometry":{"type":"Point","coordinates":[130.68801,32.789698]},"properties":{"id":"ChIJ1zWKfVj0QDUR7Rk8W1PwXIA","name":"天外天拉麵 熊本站店","category":"restaurant","days":[2],"area":"kumamoto","rating":3.9,"user_ratings_total":1322,"gmaps_url":"https://www.google.com/maps/search/?api=1&query=%E5%A4%A9%E5%A4%96%E5%A4%A9%20%E7%86%8A%E6%9C%AC%E9%A7%85%E5%BA%97&query_place_id=ChIJ1zWKfVj0QDUR7Rk8W1PwXIA","name_ja":"天外天 熊本駅店"}},{"type":"Feature","geometry":{"type":"Point","coordinates":[130.708192,32.800867]},"properties":{"id":"ChIJVVXJfgn0QDUR9QDNToO5m74","name":"熊本拉麵黑亭 熊本下通店","category":"restaurant","days":[2],"area":"kumamoto","rating":3.7,"user_ratings_total":2427,"gmaps_url":"https://www.google.com/maps/search/?api=1&query=%E7%86%8A%E6%9C%AC%E3%83%A9%E3%83%BC%E3%83%A1%E3%83%B3%E9%BB%92%E4%BA%AD%20%E4%B8%8B%E9%80%9A%E5%BA%97&query_place_id=ChIJVVXJfgn0QDUR9QDNToO5m74","name_ja":"熊本ラーメン黒亭 下通店"}},{"type":"Feature","geometry":{"type":"Point","coordinates":[130.703414,32.799193]},"properties":{"id":"ChIJ1Xi6Mrb1QDURpd19w9fqfjY","name":"業務超市 辛島公園店","category":"supermarket","days":[2],"area":"kumamoto","rating":3.8,"user_ratings_total":208,"gmaps_url":"https://www.google.com/maps/search/?api=1&query=%E6%A5%AD%E5%8B%99%E3%82%B9%E3%83%BC%E3%83%91%E3%83%BC%20%E8%BE%9B%E5%B3%B6%E5%85%AC%E5%9C%92%E5%BA%97&query_place_id=ChIJ1Xi6Mrb1QDURpd19w9fqfjY","name_ja":"業務スーパー 辛島公園店"}},{"type":"Feature","geometry":{"type":"Point","coordinates":[130.697139,32.798152]},"properties":{"id":"ChIJl6eEuWn0QDURY3Tz7nlGEpI","name":"Yume Mart 超市 熊本新町","category":"supermarket","days":[2],"area":"kumamoto","rating":3.5,"user_ratings_total":374,"gmaps_url":"https://www.google.com/maps/search/?api=1&query=%E3%82%86%E3%82%81%E3%83%9E%E3%83%BC%E3%83%88%20%E7%86%8A%E6%9C%AC%E6%96%B0%E7%94%BA&query_place_id=ChIJl6eEuWn0QDURY3Tz7nlGEpI","name_ja":"ゆめマート 熊本新町"}},{"type":"Feature","geometry":{"type":"Point","coordinates":[131.504988,33.280145]},"properties":{"id":"ChIJaZLBYNymRjURo1YqPYuwN60","name":"ABC-MARTTOKIWA 別府店","category":"clothing","days":[3],"area":"beppu","rating":3.8,"user_ratings_total":21,"gmaps_url":"https://www.google.com/maps/search/?api=1&query=ABC-MART%E3%83%88%E3%82%AD%E3%83%8F%E5%88%A5%E5%BA%9C%E5%BA%97&query_place_id=ChIJaZLBYNymRjURo1YqPYuwN60","name_ja":"ABC-MARTトキハ別府店"}},{"type":"Feature","geometry":{"type":"Point","coordinates":[131.505028,33.279963]},"properties":{"id":"ChIJhx9t6VqnRjURIJV7F_FlECA","name":"CocoKara Fine 藥妝 TOKIWA 別府店","category":"drugstore","days":[3],"area":"beppu","rating":4.2,"user_ratings_total":18,"gmaps_url":"https://www.google.com/maps/search/?api=1&query=%E3%82%B3%E3%82%B3%E3%82%AB%E3%83%A9%E3%83%95%E3%82%A1%E3%82%A4%E3%83%B3%20%E3%83%88%E3%82%AD%E3%83%8F%E5%88%A5%E5%BA%9C%E5%BA%97&query_place_id=ChIJhx9t6VqnRjURIJV7F_FlECA","name_ja":"ココカラファイン トキハ別府店"}},{"type":"Feature","geometry":{"type":"Point","coordinates":[131.493145,33.288]},"properties":{"id":"ChIJH5mWbeOmRjUR3EQJA8XSgL4","name":"Cosmos 藥妝 天滿店","category":"drugstore","days":[3],"area":"beppu","rating":4.2,"user_ratings_total":97,"gmaps_url":"https://www.google.com/maps/search/?api=1&query=%E3%83%89%E3%83%A9%E3%83%83%E3%82%B0%E3%82%B9%E3%83%88%E3%82%A2%E3%82%B3%E3%82%B9%E3%83%A2%E3%82%B9%20%E5%A4%A9%E6%BA%80%E5%BA%97&query_place_id=ChIJH5mWbeOmRjUR3EQJA8XSgL4","name_ja":"ドラッグストアコスモス 天満店"}},{"type":"Feature","geometry":{"type":"Point","coordinates":[131.487629,33.30937]},"properties":{"id":"ChIJnYhVcw6nRjURhI6Dxkodvzk","name":"Cosmos 藥妝 山並店","category":"drugstore","days":[3],"area":"beppu","rating":4,"user_ratings_total":141,"gmaps_url":"https://www.google.com/maps/search/?api=1&query=%E3%83%89%E3%83%A9%E3%83%83%E3%82%B0%E3%82%B9%E3%83%88%E3%82%A2%E3%82%B3%E3%82%B9%E3%83%A2%E3%82%B9%20%E3%82%84%E3%81%BE%E3%81%AA%E3%81%BF%E5%BA%97&query_place_id=ChIJnYhVcw6nRjURhI6Dxkodvzk","name_ja":"ドラッグストアコスモス やまなみ店"}},{"type":"Feature","geometry":{"type":"Point","coordinates":[131.497753,33.292362]},"properties":{"id":"ChIJn4Y6kMOnRjURBFlCwTDZBbY","name":"SunDrug 藥妝 別府石垣東店","category":"drugstore","days":[3],"area":"beppu","rating":3.9,"user_ratings_total":45,"gmaps_url":"https://www.google.com/maps/search/?api=1&query=%E3%82%B5%E3%83%B3%E3%83%89%E3%83%A9%E3%83%83%E3%82%B0%20%E5%88%A5%E5%BA%9C%E7%9F%B3%E5%9E%A3%E6%9D%B1%E5%BA%97&query_place_id=ChIJn4Y6kMOnRjURBFlCwTDZBbY","name_ja":"サンドラッグ 別府石垣東店"}},{"type":"Feature","geometry":{"type":"Point","coordinates":[131.504988,33.280145]},"properties":{"id":"ChIJnwT1Y8KmRjURYb7oncVRmG0","name":"EDION 電器 TOKIWA 別府店","category":"electronics","days":[3],"area":"beppu","rating":4.7,"user_ratings_total":493,"gmaps_url":"https://www.google.com/maps/search/?api=1&query=%E3%82%A8%E3%83%87%E3%82%A3%E3%82%AA%E3%83%B3%20%E3%83%88%E3%82%AD%E3%83%8F%E5%88%A5%E5%BA%9C%E5%BA%97&query_place_id=ChIJnwT1Y8KmRjURYb7oncVRmG0","name_ja":"エディオン トキハ別府店"}},{"type":"Feature","geometry":{"type":"Point","coordinates":[131.501168,33.28041]},"properties":{"id":"ChIJocCLiuemRjURlYbQBsEkzpk","name":"山田電機 Tecc Land 別府站前店","category":"electronics","days":[3],"area":"beppu","rating":3.8,"user_ratings_total":422,"gmaps_url":"https://www.google.com/maps/search/?api=1&query=%E3%83%A4%E3%83%9E%E3%83%80%E3%83%87%E3%83%B3%E3%82%AD%20%E3%83%86%E3%83%83%E3%82%AF%E3%83%A9%E3%83%B3%E3%83%89%E5%88%A5%E5%BA%9C%E9%A7%85%E5%89%8D%E5%BA%97&query_place_id=ChIJocCLiuemRjURlYbQBsEkzpk","name_ja":"ヤマダデンキ テックランド別府駅前店"}},{"type":"Feature","geometry":{"type":"Point","coordinates":[131.501182,33.279009]},"properties":{"id":"ChIJMduY_pCnRjURk_lPB_LF5oA","name":"酒食處 並屋","category":"izakaya","days":[3],"area":"beppu","rating":4.8,"user_ratings_total":111,"gmaps_url":"https://www.google.com/maps/search/?api=1&query=%E9%85%92%E9%A3%9F%E5%87%A6%E3%81%AA%E3%82%89%E3%81%B3%E5%B1%8B&query_place_id=ChIJMduY_pCnRjURk_lPB_LF5oA","name_ja":"酒食処ならび屋"}},{"type":"Feature","geometry":{"type":"Point","coordinates":[131.504333,33.277846]},"properties":{"id":"ChIJg6YWmXCnRjURoIgb0dxeCMM","name":"向陽屋","category":"izakaya","days":[3],"area":"beppu","rating":4.8,"user_ratings_total":110,"gmaps_url":"https://www.google.com/maps/search/?api=1&query=%E9%99%BD%E3%81%AA%E3%81%9F%E3%82%84&query_place_id=ChIJg6YWmXCnRjURoIgb0dxeCMM","name_ja":"陽なたや"}},{"type":"Feature","geometry":{"type":"Point","coordinates":[131.505009,33.277783]},"properties":{"id":"ChIJZ5eQV9CnRjURizznECausxk","name":"百一屋","category":"izakaya","days":[3],"area":"beppu","rating":4.7,"user_ratings_total":82,"gmaps_url":"https://www.google.com/maps/search/?api=1&query=%E7%99%BE%E4%B8%80%E3%82%84&query_place_id=ChIJZ5eQV9CnRjURizznECausxk","name_ja":"百一や"}},{"type":"Feature","geometry":{"type":"Point","coordinates":[131.504739,33.279813]},"properties":{"id":"ChIJ1T-W9tymRjURrtSbsZqXoL8","name":"濱右衛門","category":"izakaya","days":[3],"area":"beppu","rating":4.6,"user_ratings_total":256,"gmaps_url":"https://www.google.com/maps/search/?api=1&query=%E6%B5%9C%E5%8F%B3%E8%A1%9B%E9%96%80&query_place_id=ChIJ1T-W9tymRjURrtSbsZqXoL8","name_ja":"浜右衛門"}},{"type":"Feature","geometry":{"type":"Point","coordinates":[131.504304,33.279504]},"properties":{"id":"ChIJV0m2K5inRjURDlm5C86i6k8","name":"餃子天才 肉汁黑手黨","category":"izakaya","days":[3],"area":"beppu","rating":4.5,"user_ratings_total":168,"gmaps_url":"https://www.google.com/maps/search/?api=1&query=%E9%A4%83%E5%AD%90%E3%81%AE%E5%A4%A9%E6%89%8D%20%E8%82%89%E6%B1%81%E3%83%9E%E3%83%95%E3%82%A3%E3%82%A2&query_place_id=ChIJV0m2K5inRjURDlm5C86i6k8","name_ja":"餃子の天才 肉汁マフィア"}},{"type":"Feature","geometry":{"type":"Point","coordinates":[131.50233,33.278488]},"properties":{"id":"ChIJ6Qs4tMKmRjURbofasDvNJGE","name":"隅田（Sumita）","category":"izakaya","days":[3],"area":"beppu","rating":4.5,"user_ratings_total":116,"gmaps_url":"https://www.google.com/maps/search/?api=1&query=%E3%81%99%E3%81%BF%E7%94%B0&query_place_id=ChIJ6Qs4tMKmRjURbofasDvNJGE","name_ja":"すみ田"}},{"type":"Feature","geometry":{"type":"Point","coordinates":[131.491452,33.305764]},"properties":{"id":"ChIJay-Y4hGnRjURNXJdXDKjR_I","name":"博多屋 大吉","category":"izakaya","days":[3],"area":"beppu","rating":4.4,"user_ratings_total":118,"gmaps_url":"https://www.google.com/maps/search/?api=1&query=%E3%81%AF%E3%81%8B%E3%81%9F%E5%B1%8B%E5%A4%A7%E5%90%89&query_place_id=ChIJay-Y4hGnRjURNXJdXDKjR_I","name_ja":"はかた屋大吉"}},{"type":"Feature","geometry":{"type":"Point","coordinates":[131.50354,33.277721]},"properties":{"id":"ChIJUXqrBlCnRjURlp0_5HOcmW4","name":"美味處 阿醬","category":"izakaya","days":[3],"area":"beppu","rating":4.4,"user_ratings_total":111,"gmaps_url":"https://www.google.com/maps/search/?api=1&query=%E3%81%86%E3%81%BE%E3%81%84%E5%87%A6%20%E3%81%8A%E3%83%BC%E3%81%A1%E3%82%83%E3%82%93&query_place_id=ChIJUXqrBlCnRjURlp0_5HOcmW4","name_ja":"うまい処 おーちゃん"}},{"type":"Feature","geometry":{"type":"Point","coordinates":[131.50253,33.279754]},"properties":{"id":"ChIJ1wf4P92mRjURTkhAY1lzotU","name":"和食堂 生一本 別府站前店","category":"izakaya","days":[3],"area":"beppu","rating":4.4,"user_ratings_total":334,"gmaps_url":"https://www.google.com/maps/search/?api=1&query=%E5%92%8C%E9%A3%9F%E5%A0%82%20%E7%94%9F%E4%B8%80%E6%9C%AC%20%E5%88%A5%E5%BA%9C%E9%A7%85%E5%89%8D%E5%BA%97&query_place_id=ChIJ1wf4P92mRjURTkhAY1lzotU","name_ja":"和食堂 生一本 別府駅前店"}},{"type":"Feature","geometry":{"type":"Point","coordinates":[131.503646,33.277767]},"properties":{"id":"ChIJV9hW1sKmRjURrUc1LLOL4ns","name":"緣側（Engawa）","category":"izakaya","days":[3],"area":"beppu","rating":4.4,"user_ratings_total":134,"gmaps_url":"https://www.google.com/maps/search/?api=1&query=%E7%B8%81%E3%81%8C%E3%82%8F&query_place_id=ChIJV9hW1sKmRjURrUc1LLOL4ns","name_ja":"縁がわ"}},{"type":"Feature","geometry":{"type":"Point","coordinates":[131.505942,33.278925]},"properties":{"id":"ChIJMzRHyZanRjURwG_LoCcEp-s","name":"食道樂 雞冠（Tosaka）","category":"izakaya","days":[3],"area":"beppu","rating":4.3,"user_ratings_total":433,"gmaps_url":"https://www.google.com/maps/search/?api=1&query=%E9%A3%9F%E9%81%93%E6%A5%BD%E3%81%A8%E3%81%95%E3%81%8B&query_place_id=ChIJMzRHyZanRjURwG_LoCcEp-s","name_ja":"食道楽とさか"}},{"type":"Feature","geometry":{"type":"Point","coordinates":[131.504897,33.276899]},"properties":{"id":"ChIJN67E5OOnRjURof1AD1hpGlw","name":"舒適酒場 爺爺","category":"izakaya","days":[3],"area":"beppu","rating":4.3,"user_ratings_total":111,"gmaps_url":"https://www.google.com/maps/search/?api=1&query=%E5%B1%85%E5%BF%83%E5%9C%B0%E9%85%92%E5%A0%B4%E3%81%98%E3%81%A3%E3%81%A1%E3%82%83%E3%82%93&query_place_id=ChIJN67E5OOnRjURof1AD1hpGlw","name_ja":"居心地酒場じっちゃん"}},{"type":"Feature","geometry":{"type":"Point","coordinates":[131.505819,33.279404]},"properties":{"id":"ChIJGYBihtymRjURkCSTd3qHDGY","name":"爐端燒 仁","category":"izakaya","days":[3],"area":"beppu","rating":4.2,"user_ratings_total":1042,"gmaps_url":"https://www.google.com/maps/search/?api=1&query=%E3%82%8D%E3%81%B0%E3%81%9F%E4%BB%81&query_place_id=ChIJGYBihtymRjURkCSTd3qHDGY","name_ja":"ろばた仁"}},{"type":"Feature","geometry":{"type":"Point","coordinates":[131.50426,33.278254]},"properties":{"id":"ChIJUYMq0dymRjURRjNJWKlzmmk","name":"居酒屋丹","category":"izakaya","days":[3],"area":"beppu","rating":4.2,"user_ratings_total":81,"gmaps_url":"https://www.google.com/maps/search/?api=1&query=%E5%B1%85%E9%85%92%E5%B1%8B%E4%B8%B9&query_place_id=ChIJUYMq0dymRjURRjNJWKlzmmk","name_ja":"居酒屋丹"}},{"type":"Feature","geometry":{"type":"Point","coordinates":[131.504307,33.280101]},"properties":{"id":"ChIJ4cdF-NymRjURDzibXzM3C-k","name":"味之穴場","category":"izakaya","days":[3],"area":"beppu","rating":4.2,"user_ratings_total":120,"gmaps_url":"https://www.google.com/maps/search/?api=1&query=%E5%91%B3%E3%81%AE%E3%81%82%E3%81%AA%E3%81%B0&query_place_id=ChIJ4cdF-NymRjURDzibXzM3C-k","name_ja":"味のあなば"}},{"type":"Feature","geometry":{"type":"Point","coordinates":[131.50216,33.279062]},"properties":{"id":"ChIJM8f7S92mRjURxVUD7EX0PyY","name":"笑堂","category":"izakaya","days":[3],"area":"beppu","rating":4.1,"user_ratings_total":90,"gmaps_url":"https://www.google.com/maps/search/?api=1&query=%E7%AC%91%E5%A0%82&query_place_id=ChIJM8f7S92mRjURxVUD7EX0PyY","name_ja":"笑堂"}},{"type":"Feature","geometry":{"type":"Point","coordinates":[131.501021,33.279368]},"properties":{"id":"ChIJOexj_uemRjURfjhobzGLZYI","name":"別府 炭旬（炭火串燒）","category":"izakaya","days":[3],"area":"beppu","rating":4,"user_ratings_total":577,"gmaps_url":"https://www.google.com/maps/search/?api=1&query=%E5%88%A5%E5%BA%9C%20%E7%82%AD%E6%97%AC&query_place_id=ChIJOexj_uemRjURfjhobzGLZYI","name_ja":"別府 炭旬"}},{"type":"Feature","geometry":{"type":"Point","coordinates":[131.504243,33.278558]},"properties":{"id":"ChIJk11i2tymRjURsEK6uNzCONE","name":"Choromatsu 本店","category":"izakaya","days":[3],"area":"beppu","rating":3.9,"user_ratings_total":320,"gmaps_url":"https://www.google.com/maps/search/?api=1&query=%E3%83%81%E3%83%A7%E3%83%AD%E6%9D%BE%20%E6%9C%AC%E5%BA%97&query_place_id=ChIJk11i2tymRjURsEK6uNzCONE","name_ja":"チョロ松 本店"}},{"type":"Feature","geometry":{"type":"Point","coordinates":[131.505221,33.279246]},"properties":{"id":"ChIJFyKJhtymRjUR4E8_77GtH70","name":"爐端燒 仁 竹瓦橫丁店","category":"izakaya","days":[3],"area":"beppu","rating":3.9,"user_ratings_total":309,"gmaps_url":"https://www.google.com/maps/search/?api=1&query=%E3%82%8D%E3%81%B0%E3%81%9F%E4%BB%81%E7%AB%B9%E7%93%A6%E6%A8%AA%E4%B8%81%E5%BA%97&query_place_id=ChIJFyKJhtymRjUR4E8_77GtH70","name_ja":"ろばた仁竹瓦横丁店"}},{"type":"Feature","geometry":{"type":"Point","coordinates":[131.504378,33.279547]},"properties":{"id":"ChIJq4ld5dymRjURYslxn3Gq2H4","name":"大眾酒場 各付各（Warikan）","category":"izakaya","days":[3],"area":"beppu","rating":3.8,"user_ratings_total":120,"gmaps_url":"https://www.google.com/maps/search/?api=1&query=%E5%A4%A7%E8%A1%86%E9%85%92%E5%A0%B4%20%E3%82%8F%E3%82%8A%E3%81%8B%E3%82%93&query_place_id=ChIJq4ld5dymRjURYslxn3Gq2H4","name_ja":"大衆酒場 わりかん"}},{"type":"Feature","geometry":{"type":"Point","coordinates":[131.504384,33.279053]},"properties":{"id":"ChIJVVVVldumRjUR4cMXKkdPUzw","name":"居酒屋 感謝","category":"izakaya","days":[3],"area":"beppu","rating":3.8,"user_ratings_total":114,"gmaps_url":"https://www.google.com/maps/search/?api=1&query=%E5%B1%85%E9%85%92%E5%B1%8B%20%E6%84%9F%E8%AC%9D&query_place_id=ChIJVVVVldumRjUR4cMXKkdPUzw","name_ja":"居酒屋 感謝"}},{"type":"Feature","geometry":{"type":"Point","coordinates":[131.505639,33.280491]},"properties":{"id":"ChIJEbndYNymRjURsbpKrRBuEvs","name":"無印良品 TOKIWA 別府","category":"lifestyle","days":[3],"area":"beppu","rating":4.2,"user_ratings_total":168,"gmaps_url":"https://www.google.com/maps/search/?api=1&query=%E7%84%A1%E5%8D%B0%E8%89%AF%E5%93%81%20%E3%83%88%E3%82%AD%E3%83%8F%E5%88%A5%E5%BA%9C&query_place_id=ChIJEbndYNymRjURsbpKrRBuEvs","name_ja":"無印良品 トキハ別府"}},{"type":"Feature","geometry":{"type":"Point","coordinates":[131.504482,33.283572]},"properties":{"id":"ChIJHxYw5KmnRjURwNrmDv_Iu38","name":"唐吉訶德 別府店","category":"lifestyle","days":[3],"area":"beppu","rating":3.9,"user_ratings_total":1081,"gmaps_url":"https://www.google.com/maps/search/?api=1&query=%E3%83%89%E3%83%B3%E3%83%BB%E3%82%AD%E3%83%9B%E3%83%BC%E3%83%86%20%E5%88%A5%E5%BA%9C%E5%BA%97&query_place_id=ChIJHxYw5KmnRjURwNrmDv_Iu38","name_ja":"ドン・キホーテ 別府店"}},{"type":"Feature","geometry":{"type":"Point","coordinates":[131.505641,33.280274]},"properties":{"id":"ChIJtX8xZdymRjURhejVjo1-zak","name":"Seria TOKIWA 別府店","category":"lifestyle","days":[3],"area":"beppu","rating":3.9,"user_ratings_total":52,"gmaps_url":"https://www.google.com/maps/search/?api=1&query=Seria%20%E3%83%88%E3%82%AD%E3%83%8F%E5%88%A5%E5%BA%9C%E5%BA%97&query_place_id=ChIJtX8xZdymRjURhejVjo1-zak","name_ja":"Seria トキハ別府店"}},{"type":"Feature","geometry":{"type":"Point","coordinates":[131.491201,33.301893]},"properties":{"id":"ChIJGfsIuN2nRjURbqh1tryGa9g","name":"Marushoku 超市 鶴高通店 水產部","category":"supermarket","days":[3],"area":"beppu","rating":4,"user_ratings_total":174,"gmaps_url":"https://www.google.com/maps/search/?api=1&query=%E3%83%9E%E3%83%AB%E3%82%B7%E3%83%A7%E3%82%AF%E9%B6%B4%E9%AB%98%E9%80%9A%E3%82%8A%E5%BA%97%E6%B0%B4%E7%94%A3%E9%83%A8%E9%96%80&query_place_id=ChIJGfsIuN2nRjURbqh1tryGa9g","name_ja":"マルショク鶴高通り店水産部門"}},{"type":"Feature","geometry":{"type":"Point","coordinates":[131.504127,33.276192]},"properties":{"id":"ChIJd0QEG8OmRjURJbvWbbepCQc","name":"Marushoku 超市 流川通店","category":"supermarket","days":[3],"area":"beppu","rating":3.8,"user_ratings_total":527,"gmaps_url":"https://www.google.com/maps/search/?api=1&query=%E3%83%9E%E3%83%AB%E3%82%B7%E3%83%A7%E3%82%AF%E6%B5%81%E5%B7%9D%E9%80%9A%E3%82%8A%E5%BA%97&query_place_id=ChIJd0QEG8OmRjURJbvWbbepCQc","name_ja":"マルショク流川通り店"}},{"type":"Feature","geometry":{"type":"Point","coordinates":[131.479718,33.313434]},"properties":{"id":"ChIJP5E6X6CnRjURRlWMhfW94rw","name":"Marushoku 超市 山並店","category":"supermarket","days":[3],"area":"beppu","rating":3.8,"user_ratings_total":1062,"gmaps_url":"https://www.google.com/maps/search/?api=1&query=%E3%83%9E%E3%83%AB%E3%82%B7%E3%83%A7%E3%82%AF%E3%82%84%E3%81%BE%E3%81%AA%E3%81%BF%E5%BA%97&query_place_id=ChIJP5E6X6CnRjURRlWMhfW94rw","name_ja":"マルショクやまなみ店"}},{"type":"Feature","geometry":{"type":"Point","coordinates":[131.505002,33.280037]},"properties":{"id":"ChIJu0w3ZdymRjUR965BJvPk0Zk","name":"TOKIWA Industry 超市 別府店","category":"supermarket","days":[3],"area":"beppu","rating":3.8,"user_ratings_total":24,"gmaps_url":"https://www.google.com/maps/search/?api=1&query=%E3%83%88%E3%82%AD%E3%83%8F%E3%82%A4%E3%83%B3%E3%83%80%E3%82%B9%E3%83%88%E3%83%AA%E3%83%BC%20%E5%88%A5%E5%BA%9C%E5%BA%97&query_place_id=ChIJu0w3ZdymRjUR965BJvPk0Zk","name_ja":"トキハインダストリー 別府店"}},{"type":"Feature","geometry":{"type":"Point","coordinates":[131.505377,33.280324]},"properties":{"id":"ChIJ1UE2ZdymRjURkacp7-Y664w","name":"TOKIWA 百貨 別府店","category":"supermarket","days":[3],"area":"beppu","rating":3.7,"user_ratings_total":2701,"gmaps_url":"https://www.google.com/maps/search/?api=1&query=%E3%83%88%E3%82%AD%E3%83%8F%20%E5%88%A5%E5%BA%9C%E5%BA%97&query_place_id=ChIJ1UE2ZdymRjURkacp7-Y664w","name_ja":"トキハ 別府店"}},{"type":"Feature","geometry":{"type":"Point","coordinates":[131.496655,33.289139]},"properties":{"id":"ChIJK1I78-GmRjUR6zgbKghxEXw","name":"TOKIWA Industry 超市 ATEO 南石垣店","category":"supermarket","days":[3],"area":"beppu","rating":3.6,"user_ratings_total":169,"gmaps_url":"https://www.google.com/maps/search/?api=1&query=%E3%83%88%E3%82%AD%E3%83%8F%E3%82%A4%E3%83%B3%E3%83%80%E3%82%B9%E3%83%88%E3%83%AA%E3%83%BC%E3%82%A2%E3%83%86%E3%82%AA%E5%8D%97%E7%9F%B3%E5%9E%A3%E5%BA%97&query_place_id=ChIJK1I78-GmRjUR6zgbKghxEXw","name_ja":"トキハインダストリーアテオ南石垣店"}},{"type":"Feature","geometry":{"type":"Point","coordinates":[131.491201,33.301893]},"properties":{"id":"ChIJ44Ca_w-nRjURiOioFdnReU8","name":"Marushoku 超市 鶴高通店","category":"supermarket","days":[3],"area":"beppu","rating":3.4,"user_ratings_total":196,"gmaps_url":"https://www.google.com/maps/search/?api=1&query=%E3%83%9E%E3%83%AB%E3%82%B7%E3%83%A7%E3%82%AF%E9%B6%B4%E9%AB%98%E9%80%9A%E3%82%8A%E5%BA%97&query_place_id=ChIJ44Ca_w-nRjURiOioFdnReU8","name_ja":"マルショク鶴高通り店"}},{"type":"Feature","geometry":{"type":"Point","coordinates":[130.44001,33.564657]},"properties":{"id":"ChIJ68tP0tuRQTURW6oK-ENLEgI","name":"UNIQLO LaLaport 福岡店","category":"clothing","days":[4],"area":"lalaport","rating":3.9,"user_ratings_total":131,"gmaps_url":"https://www.google.com/maps/search/?api=1&query=%E3%83%A6%E3%83%8B%E3%82%AF%E3%83%AD%20%E3%82%89%E3%82%89%E3%81%BD%E3%83%BC%E3%81%A8%E7%A6%8F%E5%B2%A1%E5%BA%97&query_place_id=ChIJ68tP0tuRQTURW6oK-ENLEgI","name_ja":"ユニクロ ららぽーと福岡店"}},{"type":"Feature","geometry":{"type":"Point","coordinates":[130.438915,33.565242]},"properties":{"id":"ChIJUcsgoPGRQTURTGxhMe2C5t0","name":"GU LaLaport 福岡店","category":"clothing","days":[4],"area":"lalaport","rating":3.9,"user_ratings_total":37,"gmaps_url":"https://www.google.com/maps/search/?api=1&query=%E3%82%B8%E3%83%BC%E3%83%A6%E3%83%BC%20%E3%82%89%E3%82%89%E3%81%BD%E3%83%BC%E3%81%A8%E7%A6%8F%E5%B2%A1%E5%BA%97&query_place_id=ChIJUcsgoPGRQTURTGxhMe2C5t0","name_ja":"ジーユー ららぽーと福岡店"}},{"type":"Feature","geometry":{"type":"Point","coordinates":[130.439263,33.565435]},"properties":{"id":"ChIJD9cwMxyRQTURedmUS5Bow6c","name":"ABC-MART GRAND STAGE LaLaport 福岡店","category":"clothing","days":[4],"area":"lalaport","rating":1.7,"user_ratings_total":69,"gmaps_url":"https://www.google.com/maps/search/?api=1&query=ABC-MART%20GRAND%20STAGE%20%E3%82%89%E3%82%89%E3%81%BD%E3%83%BC%E3%81%A8%E7%A6%8F%E5%B2%A1%E5%BA%97&query_place_id=ChIJD9cwMxyRQTURedmUS5Bow6c","name_ja":"ABC-MART GRAND STAGE ららぽーと福岡店"}},{"type":"Feature","geometry":{"type":"Point","coordinates":[130.441685,33.567045]},"properties":{"id":"ChIJWahcAVqQQTURuF4et9GOjVo","name":"Cosmos 藥妝 那珂店","category":"drugstore","days":[4],"area":"lalaport","rating":3.8,"user_ratings_total":132,"gmaps_url":"https://www.google.com/maps/search/?api=1&query=%E3%83%89%E3%83%A9%E3%83%83%E3%82%B0%E3%82%B9%E3%83%88%E3%82%A2%E3%82%B3%E3%82%B9%E3%83%A2%E3%82%B9%20%E9%82%A3%E7%8F%82%E5%BA%97&query_place_id=ChIJWahcAVqQQTURuF4et9GOjVo","name_ja":"ドラッグストアコスモス 那珂店"}},{"type":"Feature","geometry":{"type":"Point","coordinates":[130.440651,33.564743]},"properties":{"id":"ChIJHbLHsduRQTURUkioDOjVj2M","name":"松本清藥妝 LaLaport 福岡店","category":"drugstore","days":[4],"area":"lalaport","rating":2.6,"user_ratings_total":17,"gmaps_url":"https://www.google.com/maps/search/?api=1&query=%E3%83%89%E3%83%A9%E3%83%83%E3%82%B0%E3%82%B9%E3%83%88%E3%82%A2%20%E3%83%9E%E3%83%84%E3%83%A2%E3%83%88%E3%82%AD%E3%83%A8%E3%82%B7%20%E3%82%89%E3%82%89%E3%81%BD%E3%83%BC%E3%81%A8%E7%A6%8F%E5%B2%A1%E5%BA%97&query_place_id=ChIJHbLHsduRQTURUkioDOjVj2M","name_ja":"ドラッグストア マツモトキヨシ ららぽーと福岡店"}},{"type":"Feature","geometry":{"type":"Point","coordinates":[130.440618,33.564795]},"properties":{"id":"ChIJoXkuaVmRQTURNZUM-f3TnvE","name":"山田電機 Tecc Land LaLaport 福岡店","category":"electronics","days":[4],"area":"lalaport","rating":4.6,"user_ratings_total":431,"gmaps_url":"https://www.google.com/maps/search/?api=1&query=%E3%83%A4%E3%83%9E%E3%83%80%E3%83%87%E3%83%B3%E3%82%AD%20%E3%83%86%E3%83%83%E3%82%AF%E3%83%A9%E3%83%B3%E3%83%89%E3%82%89%E3%82%89%E3%81%BD%E3%83%BC%E3%81%A8%E7%A6%8F%E5%B2%A1%E5%BA%97&query_place_id=ChIJoXkuaVmRQTURNZUM-f3TnvE","name_ja":"ヤマダデンキ テックランドららぽーと福岡店"}},{"type":"Feature","geometry":{"type":"Point","coordinates":[130.439306,33.565635]},"properties":{"id":"ChIJYd_i6CiRQTURZR9W4ts5r3A","name":"3COINS +plus LaLaport 福岡店","category":"lifestyle","days":[4],"area":"lalaport","rating":4,"user_ratings_total":42,"gmaps_url":"https://www.google.com/maps/search/?api=1&query=3COINS%20%2Bplus%20%E3%82%89%E3%82%89%E3%81%BD%E3%83%BC%E3%81%A8%E7%A6%8F%E5%B2%A1%E5%BA%97&query_place_id=ChIJYd_i6CiRQTURZR9W4ts5r3A","name_ja":"3COINS +plus ららぽーと福岡店"}},{"type":"Feature","geometry":{"type":"Point","coordinates":[130.440651,33.564743]},"properties":{"id":"ChIJPfdJk3GRQTUR6n6BcjsKckQ","name":"無印良品 LaLaport 福岡","category":"lifestyle","days":[4],"area":"lalaport","rating":3.9,"user_ratings_total":179,"gmaps_url":"https://www.google.com/maps/search/?api=1&query=%E7%84%A1%E5%8D%B0%E8%89%AF%E5%93%81%20%E3%82%89%E3%82%89%E3%81%BD%E3%83%BC%E3%81%A8%E7%A6%8F%E5%B2%A1&query_place_id=ChIJPfdJk3GRQTUR6n6BcjsKckQ","name_ja":"無印良品 ららぽーと福岡"}},{"type":"Feature","geometry":{"type":"Point","coordinates":[130.440651,33.564743]},"properties":{"id":"ChIJaU5goeiRQTURQPwl7NY4YiQ","name":"大創 DAISO LaLaport 福岡店","category":"lifestyle","days":[4],"area":"lalaport","rating":3.1,"user_ratings_total":56,"gmaps_url":"https://www.google.com/maps/search/?api=1&query=%E3%83%80%E3%82%A4%E3%82%BD%E3%83%BC%20%E3%82%89%E3%82%89%E3%81%BD%E3%83%BC%E3%81%A8%E7%A6%8F%E5%B2%A1%E5%BA%97&query_place_id=ChIJaU5goeiRQTURQPwl7NY4YiQ","name_ja":"ダイソー ららぽーと福岡店"}},{"type":"Feature","geometry":{"type":"Point","coordinates":[130.441041,33.565581]},"properties":{"id":"ChIJy4WrMgGRQTUR8IEcmsw010k","name":"【GUNDAM SIDE-F】FUKUOKA","category":"otaku","days":[4],"area":"lalaport","rating":4.4,"user_ratings_total":742,"gmaps_url":"https://www.google.com/maps/search/?api=1&query=%E3%80%90GUNDAM%20SIDE-F%E3%80%91FUKUOKA&query_place_id=ChIJy4WrMgGRQTUR8IEcmsw010k","name_ja":"【GUNDAM SIDE-F】FUKUOKA"}},{"type":"Feature","geometry":{"type":"Point","coordinates":[130.440901,33.564936]},"properties":{"id":"ChIJU8wF112RQTURudAGd-3SMRk","name":"Reganet 超市 LaLaport 福岡","category":"supermarket","days":[4],"area":"lalaport","rating":3.8,"user_ratings_total":313,"gmaps_url":"https://www.google.com/maps/search/?api=1&query=%E3%83%AC%E3%82%AC%E3%83%8D%E3%83%83%E3%83%88%20%E3%82%89%E3%82%89%E3%81%BD%E3%83%BC%E3%81%A8%E7%A6%8F%E5%B2%A1&query_place_id=ChIJU8wF112RQTURudAGd-3SMRk","name_ja":"レガネット ららぽーと福岡"}},{"type":"Feature","geometry":{"type":"Point","coordinates":[130.8105,33.870368]},"properties":{"id":"ChIJpQA1xc7HQzUR9_wgv8hGcYc","name":"ABC-MARTAEON MALL 八幡東店","category":"clothing","days":[5],"area":"yahata","rating":3.4,"user_ratings_total":44,"gmaps_url":"https://www.google.com/maps/search/?api=1&query=ABC-MART%E3%82%A4%E3%82%AA%E3%83%B3%E3%83%A2%E3%83%BC%E3%83%AB%E5%85%AB%E5%B9%A1%E6%9D%B1%E5%BA%97&query_place_id=ChIJpQA1xc7HQzUR9_wgv8hGcYc","name_ja":"ABC-MARTイオンモール八幡東店"}},{"type":"Feature","geometry":{"type":"Point","coordinates":[130.812274,33.869951]},"properties":{"id":"ChIJK50VbLPHQzURfaYVZmfHkho","name":"EDION 電器 AEON MALL 八幡東店","category":"electronics","days":[5],"area":"yahata","rating":4.7,"user_ratings_total":157,"gmaps_url":"https://www.google.com/maps/search/?api=1&query=%E3%82%A8%E3%83%87%E3%82%A3%E3%82%AA%E3%83%B3%20%E3%82%A4%E3%82%AA%E3%83%B3%E3%83%A2%E3%83%BC%E3%83%AB%E5%85%AB%E5%B9%A1%E6%9D%B1%E5%BA%97&query_place_id=ChIJK50VbLPHQzURfaYVZmfHkho","name_ja":"エディオン イオンモール八幡東店"}},{"type":"Feature","geometry":{"type":"Point","coordinates":[130.811963,33.870363]},"properties":{"id":"ChIJ7d9m7s7HQzURxniDxAL6_8A","name":"3COINS+plus AEON MALL 八幡東店","category":"lifestyle","days":[5],"area":"yahata","rating":3.7,"user_ratings_total":357,"gmaps_url":"https://www.google.com/maps/search/?api=1&query=3COINS%2Bplus%20%E3%82%A4%E3%82%AA%E3%83%B3%E3%83%A2%E3%83%BC%E3%83%AB%E5%85%AB%E5%B9%A1%E6%9D%B1%E5%BA%97&query_place_id=ChIJ7d9m7s7HQzURxniDxAL6_8A","name_ja":"3COINS+plus イオンモール八幡東店"}},{"type":"Feature","geometry":{"type":"Point","coordinates":[130.80996,33.870742]},"properties":{"id":"ChIJR2kj0M7HQzUR0pej8ZVN2VI","name":"無印良品 AEON MALL 八幡東","category":"lifestyle","days":[5],"area":"yahata","rating":3.7,"user_ratings_total":305,"gmaps_url":"https://www.google.com/maps/search/?api=1&query=%E7%84%A1%E5%8D%B0%E8%89%AF%E5%93%81%20%E3%82%A4%E3%82%AA%E3%83%B3%E3%83%A2%E3%83%BC%E3%83%AB%E5%85%AB%E5%B9%A1%E6%9D%B1&query_place_id=ChIJR2kj0M7HQzUR0pej8ZVN2VI","name_ja":"無印良品 イオンモール八幡東"}},{"type":"Feature","geometry":{"type":"Point","coordinates":[130.811633,33.869568]},"properties":{"id":"ChIJ-d118M7HQzURk-zpZ9tTbFA","name":"大創 DAISO AEON MALL 八幡東店","category":"lifestyle","days":[5],"area":"yahata","rating":3.7,"user_ratings_total":392,"gmaps_url":"https://www.google.com/maps/search/?api=1&query=%E3%83%80%E3%82%A4%E3%82%BD%E3%83%BC%20%E3%82%A4%E3%82%AA%E3%83%B3%E3%83%A2%E3%83%BC%E3%83%AB%E5%85%AB%E5%B9%A1%E6%9D%B1%E5%BA%97&query_place_id=ChIJ-d118M7HQzURk-zpZ9tTbFA","name_ja":"ダイソー イオンモール八幡東店"}},{"type":"Feature","geometry":{"type":"Point","coordinates":[130.96553,33.945023]},"properties":{"id":"ChIJp9UWjS6WQzURQ4jUVk_DJ9Q","name":"大創 DAISO 門司港店","category":"lifestyle","days":[5],"area":"mojiko","rating":3.6,"user_ratings_total":122,"gmaps_url":"https://www.google.com/maps/search/?api=1&query=%E3%83%80%E3%82%A4%E3%82%BD%E3%83%BC%20%E9%96%80%E5%8F%B8%E6%B8%AF%E5%BA%97&query_place_id=ChIJp9UWjS6WQzURQ4jUVk_DJ9Q","name_ja":"ダイソー 門司港店"}},{"type":"Feature","geometry":{"type":"Point","coordinates":[130.811633,33.869568]},"properties":{"id":"ChIJHdOJxc7HQzUR5FhozG_KTWI","name":"Village Vanguard AEON MALL 八幡東店","category":"otaku","days":[5],"area":"yahata","rating":3.2,"user_ratings_total":43,"gmaps_url":"https://www.google.com/maps/search/?api=1&query=%E3%83%B4%E3%82%A3%E3%83%AC%E3%83%83%E3%82%B8%E3%83%B4%E3%82%A1%E3%83%B3%E3%82%AC%E3%83%BC%E3%83%89%20%E3%82%A4%E3%82%AA%E3%83%B3%E3%83%A2%E3%83%BC%E3%83%AB%E5%85%AB%E5%B9%A1%E6%9D%B1%E5%BA%97&query_place_id=ChIJHdOJxc7HQzUR5FhozG_KTWI","name_ja":"ヴィレッジヴァンガード イオンモール八幡東店"}},{"type":"Feature","geometry":{"type":"Point","coordinates":[130.811471,33.870378]},"properties":{"id":"ChIJKVHPxM7HQzUR01BAxeZr098","name":"AEON 八幡東店","category":"supermarket","days":[5],"area":"yahata","rating":3.9,"user_ratings_total":1607,"gmaps_url":"https://www.google.com/maps/search/?api=1&query=%E3%82%A4%E3%82%AA%E3%83%B3%E5%85%AB%E5%B9%A1%E6%9D%B1%E5%BA%97&query_place_id=ChIJKVHPxM7HQzUR01BAxeZr098","name_ja":"イオン八幡東店"}},{"type":"Feature","geometry":{"type":"Point","coordinates":[130.815217,33.872739]},"properties":{"id":"ChIJk6luxsfHQzURpRlG56PizDU","name":"SPINA 枝光店","category":"supermarket","days":[5],"area":"yahata","rating":3.4,"user_ratings_total":112,"gmaps_url":"https://www.google.com/maps/search/?api=1&query=%28%E6%A0%AA%29%E8%A5%BF%E9%89%84%E3%82%B9%E3%83%88%E3%82%A2%20%E3%82%B9%E3%83%94%E3%83%8A%E6%9E%9D%E5%85%89%E5%BA%97&query_place_id=ChIJk6luxsfHQzURpRlG56PizDU","name_ja":"(株)西鉄ストア スピナ枝光店"}}]}